Book Id,Title,Author,Author l-f,Additional Authors,ISBN,ISBN13,My Rating,Average Rating,Publisher,Binding,Number of Pages,Year Published,Original Publication Year,Date Read,Date Added,Bookshelves,Bookshelves with positions,Exclusive Shelf,My Review,Spoiler,Private Notes,Read Count,Owned Copies
219244004,The Kill,Émile Zola,"Zola, Émile",,,,0,3.87,Emile Zola Society,Paperback,,,1871,,11/20/25,to-read,to-read (#158),to-read,,,,0,0
221597,Salammbo,Gustave Flaubert,"Flaubert, Gustave","Mahlon Blaine, A.J. Krailsheimer, Ray Redman",0140443282,9780140443288,3,3.73,Penguin Classics,Paperback,288,1977,1862,,11/10/23,,,read,,,,1,0
18144590,The Alchemist,Paulo Coelho,"Coelho, Paulo",,0062315005,9780062315007,3,3.92,HarperOne,Paperback,182,2014,1988,,2/3/23,,,read,,,,1,0
19772116,Suspiria De Profundis and Other Writings,Thomas de Quincey,"Quincey, Thomas de",,1420940554,9781420940558,3,3.61,Digireads.Com,Paperback,103,2011,2007,,11/10/23,,,read,,,,1,0
1852,The Call of the Wild,Jack London,"London, Jack",Avi,,,3,3.91,Scholastic,Mass Market Paperback,172,2001,1903,,11/10/23,,,read,,,,0,0
2493,The Time Machine,H.G. Wells,"Wells, H.G.","Greg Bear, Carlo Pagetti",,,3,3.89,Signet Classics,Paperback,118,2002,1895,,11/10/23,,,read,,,,0,0
12615,Media Control: The Spectacular Achievements of Propaganda,Noam Chomsky,"Chomsky, Noam",,1583225366,9781583225363,3,4.02,Seven Stories Press,Paperback,103,2002,1995,,11/10/23,,,read,,,,1,0
153747,"Moby-Dick or, The Whale",Herman Melville,"Melville, Herman","Andrew Delbanco, Tom Quirk",0142437247,9780142437247,3,3.56,Penguin Classics ,Paperback,720,2003,1851,,11/10/23,,,read,,,,0,0
853510,"Murder on the Orient Express (Hercule Poirot, #10)",Agatha Christie,"Christie, Agatha",,0007119313,9780007119318,3,4.2,HarperCollins,Paperback,274,2007,1934,,11/10/23,,,read,,,,0,0
12331767,High-Rise,J.G. Ballard,"Ballard, J.G.",,0871404028,9780871404022,3,3.6,Liveright,Paperback,208,2012,1975,,11/10/23,,,read,,,,1,0
40940121,Bridge to Terabithia,Katherine Paterson,"Paterson, Katherine",,,,3,4.06,HarperCollins,Kindle Edition,190,2009,1977,,11/10/23,,,read,,,,0,0
170448,Animal Farm,George Orwell,"Orwell, George","Russell Baker, C.M. Woodhouse",0451526341,9780451526342,3,4.01,Signet Classics,Mass Market Paperback,141,1996,1945,,2/3/23,,,read,,,,1,0
134667958,Remembered Death by Agatha Christie (1973-05-03),Agatha Christie,"Christie, Agatha",,,,3,3.92,Pocket,Mass Market Paperback,0,,1945,,11/10/23,,,read,,,,0,0
135479,Cat’s Cradle,Kurt Vonnegut Jr.,"Jr., Kurt Vonnegut",,,,3,4.15,Penguin,Paperback,306,1999,1963,,2/3/23,,,read,,,,1,0
231804,The Outsiders,S.E. Hinton,"Hinton, S.E.",,0670532576,9780670532575,3,4.14,Puffin Books (US/CAN),Mass Market Paperback,208,1997,1967,,11/10/23,,,read,,,,1,0
248596,Something Wicked This Way Comes,Ray Bradbury,"Bradbury, Ray",,0380729407,9780380729401,3,3.9,Harper Voyager,Mass Market Paperback,293,1998,1962,,11/10/23,,,read,,,,0,0
350,Stranger in a Strange Land,Robert A. Heinlein,"Heinlein, Robert A.",James Warhola,,,3,3.92,Ace,Paperback,525,1991,1961,,11/10/23,,,read,,,,1,0
18423,The Left Hand of Darkness,Ursula K. Le Guin,"Guin, Ursula K. Le",,,,4,4.1,Ace,Paperback,304,2000,1969,,11/10/23,,,read,,,,1,0
33124137,Pet Sematary,Stephen King,"King, Stephen",,,,3,4.08,Scribner,Kindle Edition,580,2014,1983,,11/10/23,,,read,,,,1,0
25622780,Wide Sargasso Sea,Jean Rhys,"Rhys, Jean",Edwidge Danticat,0393352560,9780393352566,3,3.59,W. W. Norton & Company,Paperback,176,2016,1966,,11/10/23,,,read,,,,0,0
10357575,"1Q84 (1Q84, #1-3)",Haruki Murakami,"Murakami, Haruki","Jay Rubin, Philip Gabriel",0307593312,9780307593313,3,3.95,Knopf,Hardcover,944,2011,2009,,11/10/23,,,read,,,,1,0
12338132,Decadence of Industrial Democracies,Bernard Stiegler,"Stiegler, Bernard",Daniel Ross,074564810X,9780745648101,4,4.09,Polity,Paperback,200,2011,2011,4/10/24,3/20/24,,,read,,,,1,0
4929,Kafka on the Shore,Haruki Murakami,"Murakami, Haruki",Philip Gabriel,,,4,4.12,Vintage International,Paperback,467,2006,2002,,2/3/23,,,read,,,,1,0
76778,The Martian Chronicles,Ray Bradbury,"Bradbury, Ray",Michael Whelan,0553278223,9780553278224,4,4.16,Bantam/Spectra,Mass Market Paperback,182,1984,1950,,2/3/23,,,read,,,,1,0
32559,The Fall of the House of Usher and Other Tales,Edgar Allan Poe,"Poe, Edgar Allan",Stephen Marlowe,0451526759,9780451526755,4,4.17,Signet Classics,Paperback,400,1998,1960,,11/10/23,,,read,,,,1,0
44767458,Dune (Dune #1),Frank Herbert,"Herbert, Frank",,059309932X,9780593099322,4,4.29,Ace,Hardcover,658,2019,1965,,2/3/23,,,read,,,,1,0
48855,The Diary of a Young Girl,Anne Frank,"Frank, Anne","Eleanor Roosevelt, Susan Massotty, Γιάννης Θωμόπουλος, Barbara Mooyaart-Doubleday, Otto H. Frank, Mirjam Pressler",,,3,4.2,Bantam,Mass Market Paperback,283,1993,1947,,11/10/23,,,read,,,,1,0
2657,To Kill a Mockingbird,Harper Lee,"Lee, Harper",,0060935464,9780060935467,4,4.26,Harper Perennial Modern Classics ,Paperback,323,2006,1960,,2/3/23,,,read,,,,1,0
157993,The Little Prince,Antoine de Saint-Exupéry,"Saint-Exupéry, Antoine de",Richard Howard,0152023984,9780152023980,3,4.33,"Harcourt, Inc.",Hardcover,96,2000,1943,,11/10/23,,,read,,,,1,0
203220,Les Fleurs du Mal,Charles Baudelaire,"Baudelaire, Charles","Richard Howard, Cyril Scott, Odilon Redon, Nydia Lamarque",0879234628,9780879234621,4,4.19,David R. Godine Publisher,Paperback,365,1983,1857,,11/10/23,,,read,,,,1,0
4981,Slaughterhouse-Five,Kurt Vonnegut Jr.,"Jr., Kurt Vonnegut",,,,4,4.1,Dial Press,Paperback,275,1999,1969,,2/3/23,,,read,,,,1,0
261240,The Cask of Amontillado,Edgar Allan Poe,"Poe, Edgar Allan",,1594561869,9781594561863,4,4.07,BookSurge,Paperback,24,2009,1846,,11/10/23,,,read,,,,1,0
92517,The Glass Menagerie,Tennessee Williams,"Williams, Tennessee",Robert Bray,0811214044,9780811214049,4,3.74,New Directions,Paperback,104,1999,1945,,2/3/23,,,read,,,,1,0
53496,Walk Two Moons,Sharon Creech,"Creech, Sharon",,0060739495,9780060739492,4,4,HarperTrophy,Paperback,280,1996,1994,,11/10/23,,,read,,,,0,0
7805,Pale Fire,Vladimir Nabokov,"Nabokov, Vladimir",,,,4,4.17,Penguin Books Ltd,Paperback,246,2000,1962,,2/3/23,,,read,,,,1,0
918789,West Side Story,Irving Shulman,"Shulman, Irving",,0671725661,9780671725662,3,4.1,Pocket Books,Mass Market Paperback,160,1990,1961,,11/10/23,,,read,,,,1,0
16690,The Moon Is a Harsh Mistress,Robert A. Heinlein,"Heinlein, Robert A.",,0340837942,9780340837948,4,4.15,Hodder & Stoughton,Paperback,288,2005,1966,,2/3/23,,,read,,,,1,0
6656,The Divine Comedy: Inferno - Purgatorio - Paradiso,Dante Alighieri,"Alighieri, Dante","Allen Mandelbaum, Eugenio Montale, Peter Armour, Sandro Botticelli",0679433139,9780679433132,4,4.08,Everyman's Library,Hardcover,798,1995,1320,,11/10/23,,,read,,,,1,0
28407,Germinal,Émile Zola,"Zola, Émile",Roger Pearson,0140447423,9780140447422,4,4.2,Penguin Classics,Paperback,592,2004,1885,,11/10/23,,,read,,,,1,0
51933,Madness and Civilization: A History of Insanity in the Age of Reason,Michel Foucault,"Foucault, Michel",,067972110X,9780679721109,3,4.08,Vintage,Paperback,299,1988,1961,,11/10/23,,,read,,,,1,0
7126,The Count of Monte Cristo,Alexandre Dumas,"Dumas, Alexandre",Robin Buss,0140449264,9780140449266,4,4.32,Penguin Classics,Paperback,1276,2003,1844,,11/10/23,,,read,,,,1,0
381209,Medea (Masters of Latin Literature),Seneca,"Seneca, Seneca",Frederick Ahl,080149432X,9780801494321,3,4.03,Cornell University Press,Paperback,128,1986,-431,,11/10/23,,,read,,,,1,0
830502,It,Stephen King,"King, Stephen",,0450411435,9780450411434,3,4.24,New English Library,Paperback,1184,1987,1986,,11/10/23,,,read,,,,1,0
70241,Crash,J.G. Ballard,"Ballard, J.G.",,0312420331,9780312420338,4,3.6,Picador,Paperback,224,2001,1973,,11/10/23,,,read,,,,1,0
26551,Collected Poems and Other Verse,Stéphane Mallarmé,"Mallarmé, Stéphane","E.H. Blackmore, A.M. Blackmore",019280362X,9780192803627,4,4.21,Oxford University Press,Paperback,320,2006,1899,,11/10/23,,,read,,,,1,0
19104,The Overcoat and Other Short Stories,Nikolai Gogol,"Gogol, Nikolai","Stanley Appelbaum, Isabel Florence Hapgood, Gleb Struve, Mary Struve",0486270572,9780486270579,4,4.2,Dover Publications,Paperback,103,1992,1836,,11/10/23,,,read,,,,1,0
11566,The Green Mile,Stephen King,"King, Stephen",,0451933028,9780451933027,4,4.49,Penguin Signet,Paperback,592,1996,1996,,11/10/23,,,read,,,,1,0
9444,The Complete Collected Poems,Maya Angelou,"Angelou, Maya",,067942895X,9780679428954,3,4.44,Random House,Hardcover,273,1994,1994,,11/10/23,,,read,,,,1,0
10283272,Canne al vento,Grazia Deledda,"Deledda, Grazia",Angela Cerinotti,8844031914,9788844031916,0,3.77,Giunti Demetra,Paperback,256,2006,1913,,9/9/25,to-read,to-read (#157),to-read,,,,0,0
62001844,Lies and Sorcery,Elsa Morante,"Morante, Elsa",,1681376849,9781681376844,0,4.14,NYRB Classics,Paperback,800,2023,1948,,9/9/25,to-read,to-read (#156),to-read,,,,0,0
201821949,The Automatic Fetish: The Law of Value in Marx's Capital,Beverley Best,"Best, Beverley",,1804294802,9781804294802,0,4.33,Verso,Paperback,368,2024,,,9/9/25,to-read,to-read (#155),to-read,,,,0,0
5136,After Many a Summer Dies the Swan,Aldous Huxley,"Huxley, Aldous",,1566630185,9781566630184,4,3.71,Ivan R. Dee,Paperback,368,1993,1939,7/1/25,9/11/24,,,read,,,,1,0
53061,Death in Venice,Thomas Mann,"Mann, Thomas","Michael Henry Heim, Michael Cunningham",0060576170,9780060576172,0,3.69,Ecco,Paperback,142,2005,1911,,9/10/24,currently-reading,currently-reading (#2),currently-reading,,,,1,0
88340,Letters to Milena,Franz Kafka,"Kafka, Franz","Philip Boehm, Aarno Peromies, Milena Jesenská",0805208852,9780805208856,4,3.92,Schocken,Paperback,298,1990,1952,7/1/25,4/11/25,,,read,,,,1,0
213702691,Perfect Victims and the Politics of Appeal,Mohammed El-Kurd,"El-Kurd, Mohammed",,,9798888903155,0,4.78,Haymarket Books,Paperback,256,2025,2025,,7/1/25,to-read,to-read (#154),to-read,,,,0,0
32655112,Lectures on Painting; Delivered to the Students of the Royal Academy,Edward Armitage,"Armitage, Edward",,1374203769,9781374203761,0,5,Wentworth Press,Hardcover,370,2016,,,6/25/25,to-read,to-read (#153),to-read,,,,0,0
257506,"The Western Lands (The Red Night Trilogy, #3)",William S. Burroughs,"Burroughs, William S.",,0140094563,9780140094565,0,4.05,Penguin Books,Paperback,258,1988,1987,,5/26/25,to-read,to-read (#152),to-read,,,,0,0
23944,"Cities of the Red Night (The Red Night Trilogy, #1)",William S. Burroughs,"Burroughs, William S.",,0312278462,9780312278465,0,3.75,Picador,Paperback,332,1981,1981,,5/26/25,to-read,to-read (#151),to-read,,,,0,0
24509,"The Place of Dead Roads (The Red Night Trilogy, #2)",William S. Burroughs,"Burroughs, William S.",,0312278659,9780312278656,0,3.87,Picador,Paperback,306,2001,1983,,5/26/25,to-read,to-read (#150),to-read,,,,0,0
6413281,Mural,Mahmoud Darwish,"Darwish, Mahmoud","John Berger, Rema Hammami",184467410X,9781844674107,0,4.3,Verso,Hardcover,69,2009,2000,,4/29/25,currently-reading,currently-reading (#1),currently-reading,,,,1,0
37415,Their Eyes Were Watching God,Zora Neale Hurston,"Hurston, Zora Neale",,0061120065,9780061120060,0,3.99,Amistad,Paperback,238,2006,1937,,5/14/25,to-read,to-read (#149),to-read,,,,0,0
28297,Species of Spaces and Other Pieces,Georges Perec,"Perec, Georges",John Sturrock,0140189866,9780140189865,0,4.26,Penguin Group USA,Paperback,292,1998,1974,,4/29/25,to-read,to-read (#148),to-read,,,,0,0
10216066,Cathay (1915),Ezra Pound,"Pound, Ezra","Ernest Fenollosa, Li Bai",116392573X,9781163925737,0,3.92,Kessinger Publishing,Paperback,32,2010,1915,,4/23/25,to-read,to-read (#147),to-read,,,,0,0
27494,Leaves of Grass,Walt Whitman,"Whitman, Walt",,,,5,4.11,Simon  Schuster,Paperback,624,2006,1855,,2/3/23,favorites,favorites (#11),read,,,,1,0
168499,A Season in Hell,Arthur Rimbaud,"Rimbaud, Arthur","Paul Schmidt, Robert Mapplethorpe",0821224581,9780821224588,5,4.07,Bulfinch,Hardcover,95,1998,1873,,4/13/25,favorites,favorites (#10),read,,,,1,0
438078,Victory,Joseph Conrad,"Conrad, Joseph",Robert Hampson,0140189785,9780140189780,0,3.84,Penguin Classics,Paperback,410,1995,1915,,4/11/25,to-read,to-read (#146),to-read,,,,0,0
52036,Siddhartha,Hermann Hesse,"Hesse, Hermann","Hilda Rosner, Zigmantas Ardickas",,,4,4.08,Bantam Books,Mass Market Paperback,152,1981,1922,4/11/25,9/10/24,,,read,,,,1,0
14744397,Generative Energy: Protecting and Restoring the Wholeness of Life,Raymond Peat,"Peat, Raymond",,,,0,4.47,,Paperback,151,1994,1994,,3/29/25,to-read,to-read (#145),to-read,,,,0,0
6043928,Auto de fe,Elias Canetti,"Canetti, Elias","S.A. Círculo de Lectores, Juan José del Solar Bardelli",8497936787,9788497936781,0,4.02,Debolsillo,Mass Market Paperback,624,2026,1935,,9/14/24,to-read,to-read (#144),to-read,,,,0,0
99483,"Confessions of Felix Krull, Confidence Man: The Early Years",Thomas Mann,"Mann, Thomas",,0679739041,9780679739043,0,3.83,Knopf Doubleday Publishing Group,Paperback,400,1992,1954,,9/11/24,to-read,to-read (#143),to-read,,,,0,0
6514,The Bell Jar,Sylvia Plath,"Plath, Sylvia",,0571268862,9780571268863,5,4.05,Harper Perennial Modern Classics,Paperback,294,2006,1963,,2/3/23,on-hold,on-hold (#4),read,,,,2,0
85384,The Centaur,John Updike,"Updike, John",,0449912167,9780449912164,4,3.7,Random House Trade Paperbacks,Paperback,304,1996,1963,9/2/24,7/24/24,,,read,,,,1,0
54479,Around the World in Eighty Days,Jules Verne,"Verne, Jules","Brian W. Aldiss, Michael Glencross",014044906X,9780140449068,3,3.95,Penguin Books ,Paperback,252,2004,1872,,11/10/23,,,read,,,,1,0
335140,Death of a Naturalist,Seamus Heaney,"Heaney, Seamus",,0571202403,9780571202409,0,4.26,Faber & Faber,Paperback,57,1999,1966,,6/19/24,to-read,to-read (#142),to-read,,,,0,0
5297,The Picture of Dorian Gray,Oscar Wilde,"Wilde, Oscar",Jeffrey Eugenides,,,4,4.13,Random House: Modern Library,Paperback,272,2004,1890,6/13/24,1/20/24,,,read,,,,1,0
406235,Giovanni’s Room,James Baldwin,"Baldwin, James",,,,5,4.34,Laurel,Paperback,178,1988,1956,5/9/24,1/20/24,favorites,favorites (#9),read,,,,1,0
23745291,States of Shock: Stupidity and Knowledge in the 21st Century,Bernard Stiegler,"Stiegler, Bernard",,0745664938,9780745664934,4,3.54,Polity,Hardcover,274,2015,2012,4/10/24,3/20/24,,,read,,,,1,0
198980,Classes in Contemporary Capitalism,Nicos Poulantzas,"Poulantzas, Nicos",,0805270116,9780805270112,4,3.62,Schocken Books,Paperback,0,1978,1973,3/20/24,3/20/24,,,read,,,,1,0
580599,The Future Lasts Forever: A Memoir,Louis Althusser,"Althusser, Louis","Olivier Corpet, Yann Moulier-Boutang",1565842782,9781565842786,0,3.87,The New Press,Paperback,384,1995,1992,,3/19/24,to-read,to-read (#141),to-read,,,,0,0
979929,"Race, Nation, Class: Ambiguous Identities",Étienne Balibar,"Balibar, Étienne",Immanuel Wallerstein,0860915425,9780860915423,4,3.9,Verso,Paperback,242,1991,1988,,3/6/24,,,read,,,,2,0
54909,World-Systems Analysis: An Introduction,Immanuel Wallerstein,"Wallerstein, Immanuel",,0822334429,9780822334422,3,3.93,Duke University Press,Paperback,110,2004,2004,2/27/24,2/23/24,,,read,,,,1,0
26694,Empire,Hardt,"Hardt, Hardt",Antonio Negri,0674006712,9780674006713,4,3.77,Harvard University Press,Paperback,478,2001,2000,2/23/24,2/19/24,,,read,,,,1,0
535739,Dream of the Red Chamber,Cao Xueqin,"Xueqin, Cao",Chi-chen Wang,0385093799,9780385093798,0,4,Anchor,Paperback,329,1958,1791,,11/10/23,"on-hold, to-read","on-hold (#3), to-read (#140)",to-read,,,,0,0
92965,"The Belly of Paris (Les Rougon-Macquart, #3)",Émile Zola,"Zola, Émile",Ernest Alfred Vizetelly,1933382724,9781933382722,0,3.93,Green Integer,Paperback,660,2006,1873,,2/8/24,"on-hold, to-read","on-hold (#2), to-read (#139)",to-read,,,,0,0
15823480,Anna Karenina,Leo Tolstoy,"Tolstoy, Leo","Aylmer Maude, Louise Maude, Dieter Wellershoff, Bruno Goetz, Lev Tolstoj, Léon Tolstoï",0345803922,9780345803924,0,4.1,Vintage,Paperback,964,2012,1878,,2/3/23,"on-hold, to-read","on-hold (#1), to-read (#138)",to-read,,,,1,0
379701,The Civilizing Process,Norbert Elias,"Elias, Norbert",,0631221611,9780631221616,4,4.24,Wiley-Blackwell,Paperback,592,2000,1939,2/23/24,2/19/24,,,read,,,,1,0
269894,A Simple Heart,Gustave Flaubert,"Flaubert, Gustave",Arthur McDowall,0811213188,9780811213189,3,3.45,New Directions,Paperback,68,1996,1877,,11/10/23,,,read,,,,1,0
210255,Against Nature,Joris-Karl Huysmans,"Huysmans, Joris-Karl","Patrick McGuiness, Robert Baldick",0140447636,9780140447637,4,3.8,Penguin Classics,Paperback,288,2004,1884,2/8/24,2/8/24,,,read,,,,1,0
13229270,The Sovereignty of Quiet: Beyond Resistance in Black Culture,Kevin Quashie,"Quashie, Kevin",,0813553105,9780813553108,0,4.64,Rutgers University Press,Paperback,204,2012,2012,,2/8/24,to-read,to-read (#137),to-read,,,,0,0
1772910,White Nights,Fyodor Dostoevsky,"Dostoevsky, Fyodor","Olga Shartse, Fyodor Dostoyevsky",,,0,4.08,,Paperback,82,1848,1848,,11/10/23,"to-read, next-to-read","to-read (#72), next-to-read (#3)",to-read,,,,0,0
151809,The Rose That Grew From Concrete,Tupac Shakur,"Shakur, Tupac",,0671028448,9780671028442,0,4.41,MTV Books,Hardcover,176,1999,1999,,1/24/24,to-read,to-read (#136),to-read,,,,0,0
129223,The Well of Loneliness,Radclyffe Hall,"Hall, Radclyffe",,,,0,3.77,Wordsworth Editions Ltd,Paperback,448,2014,1928,,1/20/24,to-read,to-read (#135),to-read,,,,0,0
18839,Orlando,Virginia Woolf,"Woolf, Virginia","Sandra M. Gilbert, Brenda Lyons",0141184272,9780141184272,0,3.87,Modern Classics,Paperback,336,2000,1928,,1/20/24,to-read,to-read (#134),to-read,,,,0,0
328208,The Thief's Journal,Jean Genet,"Genet, Jean","Bernard Frechtman, Jean-Paul Sartre",0802130143,9780802130143,5,3.93,Grove Press,Paperback,268,1994,1949,,11/10/23,,,read,,,,2,0
157685,Les Chants de Maldoror,Comte de Lautréamont,"Lautréamont, Comte de","Guy Wernham, Nataliya Mavlevich",0811200825,9780811200820,0,4.14,New Directions,Paperback,342,1965,1869,,1/20/24,to-read,to-read (#133),to-read,,,,0,0
152121,Blue of Noon,Georges Bataille,"Bataille, Georges",Harry Mathews,0714530735,9780714530734,0,3.73,Marion Boyars,Paperback,162,2002,1935,,1/20/24,to-read,to-read (#132),to-read,,,,0,0
109713,City of Night,John Rechy,"Rechy, John",,0802130836,9780802130839,0,3.94,"Grove Press/Grove Atlantic, Inc.",Paperback,400,1994,1963,,1/20/24,to-read,to-read (#131),to-read,,,,0,0
436806,Story of the Eye,Georges Bataille,"Bataille, Georges",Joachim Neugroschel,0872862097,9780872862098,0,3.64,City Lights Publishers,Paperback,103,1987,1928,,1/20/24,to-read,to-read (#130),to-read,,,,0,0
342049,Growth of the Soil,Knut Hamsun,"Hamsun, Knut",,0394717813,9780394717814,0,4.22,Vintage,Mass Market Paperback,435,1972,1917,,1/20/24,to-read,to-read (#129),to-read,,,,0,0
137252,Under the Autumn Star,Knut Hamsun,"Hamsun, Knut","Oliver Stallybrass, Gunnvor Stallybrass",1557133433,9781557133434,0,3.8,Sun & Moon Press,Paperback,116,1998,1906,,1/20/24,to-read,to-read (#128),to-read,,,,0,0
32585,Hunger,Knut Hamsun,"Hamsun, Knut",,0486431681,9780486431680,0,4.04,Dover Publications,Paperback,134,2003,1890,,1/20/24,to-read,to-read (#127),to-read,,,,0,0
33876557,Drinking,John Cheever,"Cheever, John",,1784872644,9781784872649,0,3.72,Random House Uk,Paperback,128,2017,2017,,1/10/24,to-read,to-read (#126),to-read,,,,0,0
58617474,The Scarlet Moving Van,John Cheever,"Cheever, John",,,,0,4.22,The New Yorker,Unknown Binding,20,1959,1959,,1/10/24,to-read,to-read (#125),to-read,,,,0,0
1234382,The Swimmer,John Cheever,"Cheever, John",,0517125870,9780517125878,0,4.04,Random House Value Publishing,Hardcover,12,1994,1964,,1/10/24,to-read,to-read (#124),to-read,,,,0,0
247329,Poésies complètes,Arthur Rimbaud,"Rimbaud, Arthur",,,,5,4.32,Le Livre de Poche,Mass Market Paperback,288,1998,1872,,11/10/23,favorites,favorites (#8),read,,,,1,0
50033,Dandelion Wine,Ray Bradbury,"Bradbury, Ray",,0671037706,9780671037703,5,4.09,Earthlight (UK) ,Paperback,239,2000,1957,,11/10/23,favorites,favorites (#7),read,,,,1,0
1519706,Poèmes saturniens,Paul Verlaine,"Verlaine, Paul",,,,5,4.05,Le Livre de Poche,Mass Market Paperback,222,1996,1866,,11/10/23,favorites,favorites (#6),read,,,,1,0
8852,Macbeth,William Shakespeare,"Shakespeare, William","Folger Shakespeare Library, Barbara A. Mowat, Paul Werstine",0743477103,9780743477109,5,3.89,Simon & Schuster,Mass Market Paperback,249,2013,1623,,2/3/23,favorites,favorites (#5),read,,,,1,0
18920654,Go Tell It on the Mountain,James Baldwin,"Baldwin, James",,0345806557,9780345806550,0,4.05,Vintage,Kindle Edition,242,2013,1953,,1/10/24,to-read,to-read (#123),to-read,,,,0,0
9484,"Within a Budding Grove (In Search of Lost Time, #2)",Marcel Proust,"Proust, Marcel","C.K. Scott Moncrieff, Terence Kilmartin, D.J. Enright",0375752196,9780375752193,0,4.39,Modern Library,Paperback,749,1998,1919,,1/10/24,to-read,to-read (#122),to-read,,,,0,0
10845531,Suicide,Édouard Levé,"Levé, Édouard",Jan Steyn,1564786285,9781564786289,0,4.11,Dalkey Archive Press,Paperback,128,2014,2008,,1/10/24,to-read,to-read (#121),to-read,,,,0,0
35750,"Sodom and Gomorrah (In Search of Lost Time, #4)",Marcel Proust,"Proust, Marcel","C.K. Scott Moncrieff, Terence Kilmartin, D.J. Enright",0375753109,9780375753107,0,4.32,Modern Library Classics,Paperback,784,1999,1922,,1/10/24,to-read,to-read (#120),to-read,,,,0,0
6798263,Bluets,Maggie Nelson,"Nelson, Maggie",,1933517409,9781933517407,0,4.05,Wave Books,Paperback,112,2009,2009,,1/10/24,to-read,to-read (#119),to-read,,,,0,0
59144,Cousin Bette,Honoré de Balzac,"Balzac, Honoré de","Francine Prose, Kathleen Raine",0375759077,9780375759079,4,3.85,Random House Publishing Group,Paperback,496,2002,1846,1/5/24,12/27/23,,,read,,,,1,0
15997,Paradise Lost,John Milton,"Milton, John",,0140424393,9780140424393,4,3.85,Penguin Classics,Paperback,453,2003,1667,,2/3/23,next-to-read,next-to-read (#1),read,,,,0,0
31548,Of Human Bondage,W. Somerset Maugham,"Maugham, W. Somerset","Maeve Binchy, Benjamin DeMott",0451530179,9780451530172,5,4.16,Signet,Mass Market Paperback,684,2007,1915,,2/3/23,favorites,favorites (#4),read,,,,1,0
2122,The Fountainhead,Ayn Rand,"Rand, Ayn",Leonard Peikoff,,,0,3.89,Signet Book,Mass Market Paperback,704,1996,1943,,12/27/23,to-read,to-read (#118),to-read,,,,0,0
662,Atlas Shrugged,Ayn Rand,"Rand, Ayn",Leonard Peikoff,0452011876,9780452011878,0,3.69,Plume,Paperback,1168,1999,1957,,12/27/23,to-read,to-read (#117),to-read,,,,0,0
929,Memoirs of a Geisha,Arthur Golden,"Golden, Arthur",,1400096898,9781400096893,0,4.16,Vintage Books USA,Mass Market Paperback,503,2005,1997,,12/27/23,to-read,to-read (#116),to-read,,,,0,0
2998,The Secret Garden,Frances Hodgson Burnett,"Burnett, Frances Hodgson",,0517189607,9780517189603,0,4.17,Children's Classics,Hardcover,331,1998,1911,,12/27/23,to-read,to-read (#115),to-read,,,,0,0
24178,Charlotte’s Web,E.B. White,"White, E.B.","Garth Williams, Rosemary Wells",0064410935,9780064410939,0,4.21,HarperCollinsPublishers,Paperback,184,2001,1952,,12/27/23,,,read,,,,1,0
370493,The Giving Tree,Shel Silverstein,"Silverstein, Shel",,0060256656,9780060256654,0,4.39,HarperCollins Publishers,Hardcover,64,1964,1964,,12/27/23,,,read,,,,1,0
32951,Sister Outsider: Essays and Speeches,Audre Lorde,"Lorde, Audre",,0895941414,9780895941411,0,4.53,Crossing Press,Paperback,190,1984,1984,,12/27/23,to-read,to-read (#114),to-read,,,,0,0
395090,Ariel,Sylvia Plath,"Plath, Sylvia",,0060931728,9780060931728,5,4.19,Harper Perennial Modern Classics,Paperback,128,2018,1965,,11/10/23,favorites,favorites (#3),read,,,,1,0
17690,The Trial,Franz Kafka,"Kafka, Franz","Max Brod, Willa Muir, Edwin Muir",,,5,3.94,Vintage,Paperback,255,2001,1925,,2/3/23,favorites,favorites (#2),read,,,,1,0
1420,Hamlet,William Shakespeare,"Shakespeare, William","Harold Bloom, Rex Gibson, Israel Gollancz, Henry Norman Hudson, L.A. Sherman, Max J. Herzberg",0521618746,9780521618748,5,4.03,Cambridge University Press,Paperback,289,2005,1601,,2/3/23,,,read,,,,1,0
80410,Four Quartets,T.S. Eliot,"Eliot, T.S.",,0571068944,9780571068944,5,4.37,Faber & Faber,Paperback,56,2001,1943,,12/27/23,favorites,favorites (#1),read,,,,1,0
1878,"The History of Sexuality, Volume 2: The Use of Pleasure",Michel Foucault,"Foucault, Michel","Robert Hurley, Zlatko Wurzberg",0394751221,9780394751221,4,4.06,Vintage,Paperback,304,1990,1984,12/27/23,11/10/23,,,read,,,,1,0
399136,Imagined Communities: Reflections on the Origin and Spread of Nationalism,Benedict Anderson,"Anderson, Benedict",,0860915468,9780860915461,0,4.11,Verso/New Left Books Ltd.,Paperback,224,1991,1983,,11/28/23,to-read,to-read (#113),to-read,,,,0,0
29044,The Secret History,Donna Tartt,"Tartt, Donna",,1400031702,9781400031702,0,4.15,Vintage Books,Paperback,559,2004,1992,,11/25/23,to-read,to-read (#112),to-read,,,,0,0
90192,The House of the Seven Gables,Nathaniel Hawthorne,"Hawthorne, Nathaniel",Robert S. Levine,0393924769,9780393924763,4,3.45,W. W. Norton & Company,Paperback,225,2005,1851,11/22/23,2/3/23,,,read,,,,1,0
115476,Nostromo,Joseph Conrad,"Conrad, Joseph",,0486424529,9780486424521,4,3.81,Dover Thrift Editions,Paperback,336,2002,1904,11/22/23,2/3/23,,,read,,,,1,0
6334,Never Let Me Go,Kazuo Ishiguro,"Ishiguro, Kazuo",,1400078776,9781400078776,0,3.85,Vintage Books ,Paperback,288,2010,2005,,11/22/23,to-read,to-read (#111),to-read,,,,0,0
194740,The Setting Sun,Osamu Dazai,"Dazai, Osamu",Donald Keene,0811200329,9780811200325,0,3.97,New Directions,Paperback,175,2020,1947,,11/19/23,to-read,to-read (#110),to-read,,,,0,0
62334530,None of This Is True,Lisa Jewell,"Jewell, Lisa",,1982179007,9781982179007,0,4.08,Atria Books,Hardcover,390,2023,2023,,11/13/23,to-read,to-read (#109),to-read,,,,0,0
166177788,Pretty Boys Are Poisonous: Poems,Megan Fox,"Fox, Megan",,1668050412,9781668050415,0,3.73,Gallery Books,Hardcover,176,2023,2023,,11/13/23,to-read,to-read (#108),to-read,,,,0,0
2794,The Crying of Lot 49,Thomas Pynchon,"Pynchon, Thomas",,,,0,3.69,Harper Perennial Modern Classics,Paperback,152,2006,1966,,11/11/23,to-read,to-read (#107),to-read,,,,0,0
141158749,On the Road,Jack Kerouac,"Kerouac, Jack",,,,5,3.9,,Kindle Edition,327,2023,,,11/11/23,,,read,,,,1,0
1953,A Tale of Two Cities,Charles Dickens,"Dickens, Charles",,0141439602,9780141439600,4,3.88,Penguin Books,Paperback,489,2003,1859,,11/11/23,,,read,,,,1,0
51497,The Strange Case of Dr. Jekyll and Mr. Hyde and Other Tales of Terror,Robert Louis Stevenson,"Stevenson, Robert Louis",Robert Mighall,0141439734,9780141439730,0,3.91,Penguin Classics,Paperback,224,2003,1886,,11/11/23,to-read,to-read (#106),to-read,,,,0,0
24583,The Adventures of Tom Sawyer,Mark Twain,"Twain, Mark","Guy Cardwell, John Seelye, Mark Hallaq, Amanda Lee",,9780143039563,4,3.92,Penguin Classics,Paperback,244,2006,1876,,11/11/23,,,read,,,,1,0
17689,Franz Kafka's The Castle (Dramatization),David Fishelson,"Fishelson, David","Aaron Leichter, Max Brod, Franz Kafka",082221900X,9780822219002,5,4.1,"Dramatists Play Service, Inc.",Paperback,59,2003,2003,,11/11/23,,,read,,,,1,0
27822,Eugene Onegin,Alexander Pushkin,"Pushkin, Alexander",James E. Falen,,,0,4.1,Oxford University Press,Paperback,240,1998,1831,,11/11/23,to-read,to-read (#105),to-read,,,,0,0
18521,A Room of One’s Own,Virginia Woolf,"Woolf, Virginia",,,,0,4.22,Penguin Books,Paperback,112,2000,1929,,11/11/23,to-read,to-read (#104),to-read,,,,0,0
4825580,The Poetry of Rilke,Rainer Maria Rilke,"Rilke, Rainer Maria","Edward Snow, Adam Zagajewski",0374235317,9780374235314,5,4.15,North Point Press,Hardcover,720,2009,1978,,11/11/23,,,read,,,,1,0
138134,The Complete Poems,John Keats,"Keats, John",,0679601082,9780679601081,0,4.25,Modern Library,Hardcover,416,1994,1820,,11/11/23,to-read,to-read (#103),to-read,,,,0,0
76889,100 Selected Poems,E.E. Cummings,"Cummings, E.E.",,0802130720,9780802130723,0,4.28,Grove Press,Paperback,121,1994,1923,,11/11/23,to-read,to-read (#102),to-read,,,,0,0
2,"Harry Potter and the Order of the Phoenix (Harry Potter, #5)",J.K. Rowling,"Rowling, J.K.",Mary GrandPré,0439686520,9780439686525,4,4.5,Scholastic Inc.,Paperback,870,2004,2003,,11/10/23,,,read,,,,1,0
1,"Harry Potter and the Half-Blood Prince (Harry Potter, #6)",J.K. Rowling,"Rowling, J.K.",,,,5,4.58,Scholastic Inc,Paperback,652,2006,2005,,11/10/23,,,read,,,,1,0
6,"Harry Potter and the Goblet of Fire (Harry Potter, #4)",J.K. Rowling,"Rowling, J.K.",Mary GrandPré,0439139597,9780439139595,5,4.57,Scholastic,Paperback,734,2002,2000,,11/10/23,,,read,,,,1,0
136251,"Harry Potter and the Deathly Hallows (Harry Potter, #7)",J.K. Rowling,"Rowling, J.K.",,,,4,4.62,Arthur A. Levine Books,Hardcover,759,2007,2007,,11/10/23,,,read,,,,1,0
15881,"Harry Potter and the Chamber of Secrets (Harry Potter, #2)",J.K. Rowling,"Rowling, J.K.",Mary GrandPré,,,4,4.43,Arthur A. Levine Books,Hardcover,352,1999,1998,,11/10/23,,,read,,,,1,0
5,"Harry Potter and the Prisoner of Azkaban (Harry Potter, #3)",J.K. Rowling,"Rowling, J.K.",Mary GrandPré,043965548X,9780439655484,5,4.58,Scholastic Inc.,Mass Market Paperback,547,2004,1999,,11/10/23,,,read,,,,1,0
42844155,"Harry Potter and the Sorcerer's Stone (Harry Potter, #1)",J.K. Rowling,"Rowling, J.K.",Olly Moss,,,4,4.47,Pottermore Publishing,Kindle Edition,333,2015,1997,,11/10/23,,,read,,,,0,0
1294681,And Still I Rise,Maya Angelou,"Angelou, Maya",,0860687570,9780860687573,5,4.39,Virago,Paperback,112,2009,1978,,11/10/23,,,read,,,,1,0
4016515,Letter to My Daughter,Maya Angelou,"Angelou, Maya",,1400066123,9781400066124,0,4.09,Random House,Hardcover,192,2008,1987,,11/10/23,to-read,to-read (#101),to-read,,,,0,0
35852435,Becoming Supernatural: How Common People are Doing the Uncommon,Joe Dispenza,"Dispenza, Joe",,1401953107,9781401953102,0,4.25,Hay House LLC,Kindle Edition,375,2017,2017,,11/10/23,to-read,to-read (#100),to-read,,,,0,0
41580312,Be Here Now,Ram Dass,"Dass, Ram",,,,5,4.34,HarperOne,Kindle Edition,116,2010,1971,,11/10/23,,,read,,,,1,0
275506,Selected Writings,Guillaume Apollinaire,"Apollinaire, Guillaume",,0811200035,9780811200035,0,4.14,New Directions,Paperback,284,1971,1971,,11/10/23,to-read,to-read (#99),to-read,,,,0,0
275510,Calligrammes: Poems of Peace and War (1913-1916),Guillaume Apollinaire,"Apollinaire, Guillaume","Anne Hyde Greet, S.I. Lockerbie",0520242122,9780520242128,0,4.04,University of California Press,Paperback,525,2004,1918,,11/10/23,to-read,to-read (#98),to-read,,,,0,0
13651,The Dispossessed: An Ambiguous Utopia,Ursula K. Le Guin,"Guin, Ursula K. Le",,,,0,4.26,Harper Voyager,Paperback,387,1994,1974,,11/10/23,to-read,to-read (#97),to-read,,,,0,0
13662,"The Tombs of Atuan (Earthsea Cycle, #2)",Ursula K. Le Guin,"Guin, Ursula K. Le",,0689845367,9780689845369,0,4.14,Aladdin Paperbacks,Mass Market Paperback,180,2001,1971,,11/10/23,to-read,to-read (#96),to-read,,,,0,0
13642,"A Wizard of Earthsea (Earthsea Cycle, #1)",Ursula K. Le Guin,"Guin, Ursula K. Le",,,,4,4.01,,Paperback,183,2004,1968,,11/10/23,,,read,,,,1,0
29142809,Burnt Norton,T.S. Eliot,"Eliot, T.S.",,,,0,4.45,faber and faber,Paperback,6,1941,1935,,11/10/23,to-read,to-read (#95),to-read,,,,0,0
2696,The Canterbury Tales,Geoffrey Chaucer,"Chaucer, Geoffrey",Nevill Coghill,0140424385,9780140424386,3,3.53,Penguin Books,Paperback,504,2003,1400,,11/10/23,,,read,,,,1,0
19351,The Epic of Gilgamesh,Anonymous,"Anonymous, Anonymous","N.K. Sandars, John Maier, Herbert Mason, John H. Marks, Morris Jastrow Jr.",0141026286,9780141026282,0,3.75,Penguin Books Limited,Paperback,72,2006,-2000,,11/10/23,to-read,to-read (#94),to-read,,,,0,0
52357,Beowulf,Unknown,"Unknown, Unknown",Seamus Heaney,0393320979,9780393320978,3,3.5,W.W. Norton & Company,Paperback,259,2001,1000,,11/10/23,,,read,,,,1,0
1381,The Odyssey,Homer,"Homer, Homer","Robert Fagles, Bernard Knox",0143039954,9780143039952,0,3.83,Penguin Classics ,Paperback,541,2006,-700,,11/10/23,to-read,to-read (#93),to-read,,,,0,0
77265004,The Iliad,Homer,"Homer, Homer",Emily Wilson,1324001801,9781324001805,4,3.93,W. W. Norton & Company,Hardcover,848,2023,-800,,11/10/23,,,read,,,,1,0
4608085,Romances sans paroles,Paul Verlaine,"Verlaine, Paul",,0485147122,9780485147124,0,3.69,Athlone Press,Mass Market Paperback,106,1976,1874,,11/10/23,to-read,to-read (#92),to-read,,,,0,0
3420140,Nature,Ralph Waldo Emerson,"Emerson, Ralph Waldo",,0807015563,9780807015568,5,3.79,Beacon Press,Hardcover,160,1985,1836,,11/10/23,,,read,,,,1,0
837812,Andromaque,Jean Racine,"Racine, Jean",,2070409023,9782070409020,5,3.7,Folio,Mass Market Paperback,175,1999,1667,,11/10/23,,,read,,,,1,0
327775,The Frogs,Aristophanes,"Aristophanes, Aristophanes","Thomas Mitchell, Arthur Sidgwick, William Bedell Stanford, Benjamin Bickley Rogers, Charles William Eliot",1406936723,9781406936728,0,3.78,Hard Press,Paperback,70,2006,-405,,11/10/23,to-read,to-read (#91),to-read,,,,0,0
65345,Selected Poems of Ezra Pound,Ezra Pound,"Pound, Ezra",,0811201627,9780811201629,5,3.89,New Directions,Paperback,184,1957,1928,,11/10/23,,,read,,,,1,0
275505,Alcools,Guillaume Apollinaire,"Apollinaire, Guillaume",Donald Revell,0819512281,9780819512284,5,3.84,Wesleyan University Press,Paperback,185,1995,1913,,11/10/23,,,read,,,,1,0
1171954,Electra,Euripides,"Euripides, Euripides","Janet Lempke, George Theodorides",0195085760,9780195085761,0,3.95,Oxford University Press,Paperback,112,1994,-420,,11/10/23,to-read,to-read (#90),to-read,,,,0,0
230200,Paroles,Jacques Prévert,"Prévert, Jacques",,2070367622,9782070367627,5,4.19,Folio,Mass Market Paperback,254,1976,1946,,11/10/23,,,read,,,,1,0
304079,The Essential Rumi,Coleman Barks,"Barks, Coleman","Jalal ad-Din Muhammad ar-Rumi, John Moyne",0062509594,9780062509598,0,4.39,HarperOne,Paperback,416,2004,1273,,11/10/23,to-read,to-read (#89),to-read,,,,0,0
142080,"Collected Poems, 1909-1962",T.S. Eliot,"Eliot, T.S.",,0151189781,9780151189786,5,4.29,Ecco,Hardcover,221,1991,1963,,11/10/23,,,read,,,,1,0
133906,The Collected Poems,Langston Hughes,"Hughes, Langston",Arnold Rampersad,0679764089,9780679764083,5,4.36,Vintage Books/Random House,Paperback,736,1995,1994,,11/10/23,,,read,,,,1,0
6323089,The Pocket Emily Dickinson (Shambhala Pocket Classics),Emily Dickinson,"Dickinson, Emily",Brenda Hillman,1590307003,9781590307007,5,4.37,Shambhala,Paperback,192,2009,1995,,11/10/23,,,read,,,,1,0
423762,Arabian Love Poems: Full Arabic and English Texts,نزار قباني,"قباني, نزار","Bassam K. Frangieh, Clementina R. Brown, Nizar Qabbani",0894108816,9780894108815,5,4.3,Three Continents Press,Paperback,225,1999,1975,,11/10/23,,,read,,,,1,0
3636,"The Giver (The Giver, #1)",Lois Lowry,"Lowry, Lois",,0385732554,9780385732550,4,4.12,Ember,Paperback,208,2006,1993,,11/10/23,,,read,,,,1,0
6295,Howl and Other Poems,Allen Ginsberg,"Ginsberg, Allen",William Carlos Williams,0872863107,9780872863101,0,4.13,City Lights,Hardcover,56,2001,1956,,11/10/23,to-read,to-read (#88),to-read,,,,0,0
332613,One Flew Over the Cuckoo’s Nest,Ken Kesey,"Kesey, Ken",,,,0,4.2,Signet,Mass Market Paperback,325,1963,1962,,11/10/23,to-read,to-read (#87),to-read,,,,0,0
400412,The Waste Land and Other Poems,T.S. Eliot,"Eliot, T.S.",,,,5,4.22,Harcourt Brace Jovanovich,Paperback,88,1958,1922,,11/10/23,,,read,,,,1,0
2078076,The Collected Poems,Sylvia Plath,"Plath, Sylvia",,,,5,4.25,Harper Perennial Modern Classics,Paperback,384,2018,1981,,11/10/23,,,read,,,,1,0
95819,The Poetry of Robert Frost,Robert Frost,"Frost, Robert","Edward Connery Lathem, Edward Connery Latham",0805005013,9780805005011,4,4.24,Henry Holt & Company,Paperback,607,1979,1969,,11/10/23,,,read,,,,1,0
18405,Gone with the Wind,Margaret Mitchell,"Mitchell, Margaret",,0446365386,9780446365383,0,4.31,Warner Books,Mass Market Paperback,1037,1993,1936,,11/10/23,to-read,to-read (#86),to-read,,,,0,0
14706,"Faust, First Part",Johann Wolfgang von Goethe,"Goethe, Johann Wolfgang von",Peter Salm,0553213482,9780553213485,0,3.83,Bantam Classics,Paperback,327,1988,1808,,11/10/23,to-read,to-read (#85),to-read,,,,0,0
130440,Doctor Zhivago,Boris Pasternak,"Pasternak, Boris","John Bayley, Max Hayward, Manya Harari",0679774386,9780679774389,0,4.01,Pantheon,Paperback,592,1997,1957,,11/10/23,to-read,to-read (#84),to-read,,,,0,0
42641,Resurrection,Leo Tolstoy,"Tolstoy, Leo","Aylmer Maude, Louise Maude",0735102864,9780735102866,0,4.17,Replica Books,Hardcover,562,2002,1899,,11/10/23,to-read,to-read (#83),to-read,,,,0,0
16640,The Sorrows of Young Werther,Johann Wolfgang von Goethe,"Goethe, Johann Wolfgang von","Burton Pike, R. Dillon Boylan, Elizabeth Wolff Mayer",0812969901,9780812969900,3,3.69,Modern Library,Paperback,149,2005,1774,,11/10/23,,,read,,,,1,0
249,"Tropic of Cancer (Tropic, #1)",Henry Miller,"Miller, Henry",Anaïs Nin,0802131786,9780802131782,0,3.65,Grove Press,Paperback,318,1994,1934,,11/10/23,to-read,to-read (#82),to-read,,,,0,0
14942,Mrs. Dalloway,Virginia Woolf,"Woolf, Virginia",Maureen Howard,0151009988,9780151009985,0,3.78,Houghton Mifflin Harcourt,Hardcover,194,2002,1925,,11/10/23,to-read,to-read (#81),to-read,,,,0,0
18864,The Rum Diary,Hunter S. Thompson,"Thompson, Hunter S.",,0684856476,9780684856476,0,3.85,Scribner / Simon & Schuster,Paperback,224,1999,1998,,11/10/23,to-read,to-read (#80),to-read,,,,0,0
7186,La dame aux camélias,Alexandre Dumas,"fils, Alexandre Dumas",David Coward,0192836382,9780192836380,0,4.05,Oxford University Press,Paperback,256,2000,1848,,11/10/23,to-read,to-read (#79),to-read,,,,0,0
3876,The Sun Also Rises,Ernest Hemingway,"Hemingway, Ernest",,,,3,3.79,Pan Books,Paperback,189,1957,1926,,11/10/23,,,read,,,,1,0
46170,For Whom the Bell Tolls,Ernest Hemingway,"Hemingway, Ernest",,,,0,3.99,Scribner,Paperback,471,1995,1940,,11/10/23,to-read,to-read (#78),to-read,,,,0,0
10799,A Farewell to Arms,Ernest Hemingway,"Hemingway, Ernest",,0099910101,9780099910107,0,3.82,Arrow Books,Paperback,293,2004,1929,,11/10/23,to-read,to-read (#77),to-read,,,,0,0
2165,The Old Man and the Sea,Ernest Hemingway,"Hemingway, Ernest",,0684830493,9780684830490,0,3.81,Scribner,Hardcover,96,1996,1952,,11/10/23,to-read,to-read (#76),to-read,,,,0,0
2623,Great Expectations,Charles Dickens,"Dickens, Charles","Kate Flint, Margaret Cardwell",0192833596,9780192833594,0,3.8,Oxford University Press,Paperback,544,1998,1861,,11/10/23,to-read,to-read (#75),to-read,,,,0,0
485894,The Metamorphosis,Franz Kafka,"Kafka, Franz",Stanley Corngold,0553213695,9780553213690,0,3.9,Bantam Classics,Mass Market Paperback,201,1972,1915,,11/10/23,to-read,to-read (#74),to-read,,,,1,0
5129,Brave New World,Aldous Huxley,"Huxley, Aldous",,0060929871,9780060929879,4,3.99,HarperPerennial / Perennial Classics,Paperback,288,1998,1932,,11/10/23,,,read,,,,1,0
10534,The Art of War,Sun Tzu,"Tzu, Sun",Thomas Cleary,,,0,3.95,Harper Press,Paperback,170,2005,-500,,11/10/23,to-read,to-read (#73),to-read,,,,0,0
3836,Don Quixote,Miguel de Cervantes Saavedra,"Saavedra, Miguel de Cervantes","Roberto González Echevarría, John Rutherford",,,0,3.91,Penguin Books,Paperback,1023,2003,1615,,11/10/23,to-read,to-read (#71),to-read,,,,0,0
17245,Dracula,Bram Stoker,"Stoker, Bram","Rubén Toledo, Nina Auerbach, David J. Skal",0393970124,9780393970128,4,4.02,Norton,Paperback,488,1986,1897,,11/10/23,,,read,,,,1,0
11991,The Fall,Albert Camus,"Camus, Albert",Justin O'Brien,0679720227,9780679720225,0,4.03,Vintage Books,Paperback,147,1991,1956,,11/10/23,to-read,to-read (#70),to-read,,,,0,0
6969,Emma,Jane Austen,"Austen, Jane",Fiona Stafford,0141439580,9780141439587,4,4.05,Penguin Books,Paperback,474,2003,1815,,11/10/23,,,read,,,,1,0
95558,Solaris,Stanisław Lem,"Lem, Stanisław","Steve Cox, Joanna Kilmartin",,,0,3.98,Harcourt,Paperback,204,2002,1961,,11/10/23,to-read,to-read (#69),to-read,,,,0,0
28381,Dead Souls,Nikolai Gogol,"Gogol, Nikolai",Robert A. Maguire,0140448071,9780140448078,0,3.98,Penguin Classics,Paperback,464,2004,1842,,11/10/23,to-read,to-read (#68),to-read,,,,0,0
28382,Diary of a Madman and Other Stories,Nikolai Gogol,"Gogol, Nikolai",,0486452352,9780486452357,4,4.07,Dover Publications,Paperback,84,2006,1835,,11/10/23,,,read,,,,1,0
537094,The Overcoat,Nikolai Gogol,"Gogol, Nikolai",,1419176528,9781419176524,5,4.15,Kessinger Pub Co,Paperback,57,2004,1842,,11/10/23,,,read,,,,1,0
16631,Steppenwolf,Hermann Hesse,"Hesse, Hermann",Basil Creighton,0140282580,9780140282580,4,4.13,Penguin,Paperback,256,1999,1927,,11/10/23,,,read,,,,1,0
14935,Sense and Sensibility,Jane Austen,"Austen, Jane","Ros Ballaster, Джейн Остин",0141439661,9780141439662,0,4.09,Penguin Books,Paperback,409,2003,1811,,11/10/23,to-read,to-read (#67),to-read,,,,0,0
2156,Persuasion,Jane Austen,"Austen, Jane","Deidre Shauna Lynch, James Kinsley",0192802631,9780192802637,0,4.15,Oxford University Press,Paperback,249,2004,1817,,11/10/23,to-read,to-read (#66),to-read,,,,0,0
11987,The Myth of Sisyphus and Other Essays,Albert Camus,"Camus, Albert",Justin O'Brien,,,5,4.22,Vintage International,Paperback,212,1991,1942,,11/10/23,,,read,,,,1,0
61439040,1984,George Orwell,"Orwell, George",Thomas Pynchon,0452284236,9780452284234,3,4.2,Plume,Paperback,368,2022,1949,,11/10/23,,,read,,,,1,0
29579,"Foundation (Foundation, #1)",Isaac Asimov,"Asimov, Isaac",,0553803719,9780553803716,0,4.17,Bantam,Hardcover,244,2004,1951,,11/10/23,to-read,to-read (#65),to-read,,,,0,0
7144,Crime and Punishment,Fyodor Dostoevsky,"Dostoevsky, Fyodor","David McDuff, Joseph Frank",,,5,4.29,Penguin,Paperback,671,2002,1866,,11/10/23,,,read,,,,1,0
18386,The Death of Ivan Ilych,Leo Tolstoy,"Tolstoy, Leo","Aylmer Maude, Louise Maude",,,0,4.14,Waking Lion Press,Paperback,86,2006,1886,,11/10/23,to-read,to-read (#64),to-read,,,,0,0
70535,"2001: A Space Odyssey (Space Odyssey, #1)",Arthur C. Clarke,"Clarke, Arthur C.",,,,5,4.18,Roc,Paperback,297,2000,1968,,11/10/23,,,read,,,,1,0
149049,The Fountains of Paradise,Arthur C. Clarke,"Clarke, Arthur C.",,0446677949,9780446677943,0,3.95,Aspect,Paperback,332,2001,1979,,11/10/23,to-read,to-read (#63),to-read,,,,0,0
656,War and Peace,Leo Tolstoy,"Tolstoy, Leo","Aylmer Maude, Louise Maude",0192833987,9780192833983,0,4.17,Oxford University Press,Paperback,1392,1998,1869,,11/10/23,to-read,to-read (#62),to-read,,,,0,0
24280,Les Misérables,Victor Hugo,"Hugo, Victor","Norman MacAfee, Charles E. Wilbour, Lee Fahnestock, Isabel Florence Hapgood",0451525264,9780451525260,4,4.21,Penguin,Mass Market Paperback,1463,1987,1862,,11/10/23,,,read,,,,1,0
9592,Mother Night,Kurt Vonnegut Jr.,"Jr., Kurt Vonnegut",,0385334141,9780385334143,0,4.24,Dial Press,Paperback,282,1999,1961,,11/10/23,to-read,to-read (#61),to-read,,,,0,0
4982,The Sirens of Titan,Kurt Vonnegut Jr.,"Jr., Kurt Vonnegut",Chris     Moore,,,0,4.15,Gollancz,Paperback,224,1999,1959,,11/10/23,to-read,to-read (#60),to-read,,,,0,0
4980,Breakfast of Champions,Kurt Vonnegut Jr.,"Jr., Kurt Vonnegut",,0385334206,9780385334204,0,4.06,Dell Publishing,Paperback,303,1999,1973,,11/10/23,to-read,to-read (#59),to-read,,,,0,0
32276,The Dragons of Eden: Speculations on the Evolution of Human Intelligence,Carl Sagan,"Sagan, Carl",,0345346297,9780345346292,5,4.19,Ballantine Books,Paperback,271,1986,1977,,11/10/23,,,read,,,,0,0
1441,"On Justice, Power and Human Nature: Selections from The History of the Peloponnesian War",Thucydides,"Thucydides, Thucydides",Paul Woodruff,0872201686,9780872201682,4,3.72,"Hackett Publishing Company, Inc.",Paperback,172,1993,1874,,11/10/23,,,read,,,,0,0
36444294,Saint Augustine's Confessions,Augustine of Hippo,"Hippo, Augustine of",,1681497239,9781681497235,3,3.99,Ignatius Press,Kindle Edition,423,2017,400,,11/10/23,,,read,,,,0,0
6493208,The Immortal Life of Henrietta Lacks,Rebecca Skloot,"Skloot, Rebecca",,1400052173,9781400052172,4,4.13,Crown Publishing Group,Hardcover,370,2010,2010,,11/10/23,,,read,,,,0,0
149696515,The Immortalist,André Gide,"Gide, André",,,,3,3.55,Vintage,Mass Market Paperback,0,1970,1902,,11/10/23,,,read,,,,0,0
106109,The 47 Ronin Story,John Allyn,"Allyn, John",,0804838275,9780804838276,3,3.72,Tuttle Pub,Paperback,224,2006,1970,,11/10/23,,,read,,,,0,0
32692,Gerald's Game,Stephen King,"King, Stephen",,0831727527,9780831727529,0,3.58,Smithmark Publishers,Hardcover,332,1994,1992,,11/10/23,to-read,to-read (#58),to-read,,,,0,0
11570,Dreamcatcher,Stephen King,"King, Stephen",,2226131906,9782226131904,3,3.66,,Paperback,688,2002,2001,,11/10/23,,,read,,,,1,0
10603,Cujo,Stephen King,"King, Stephen",,0307348245,9780307348241,3,3.8,Debolsillo,Mass Market Paperback,432,2006,1981,,11/10/23,,,read,,,,1,0
11590,’Salem’s Lot,Stephen King,"King, Stephen",,0450031063,9780450031069,3,4.1,New English Library,Paperback,483,1991,1975,,11/10/23,,,read,,,,1,0
10592,Carrie,Stephen King,"King, Stephen",,1416524304,9781416524304,3,3.99,Pocket,Mass Market Paperback,272,2005,1974,,11/10/23,,,read,,,,1,0
10614,Misery,Stephen King,"King, Stephen",,0450417395,9780450417399,0,4.23,New English Library,Paperback,370,1992,1987,,11/10/23,to-read,to-read (#57),to-read,,,,0,0
11588,"The Shining (The Shining, #1)",Stephen King,"King, Stephen",,0450040186,9780450040184,3,4.28,New English Library,Mass Market Paperback,497,1980,1977,,11/10/23,,,read,,,,0,0
24817626,Go Set a Watchman,Harper Lee,"Lee, Harper",,0062409859,9780062409850,3,3.31,HarperCollins,Hardcover,278,2015,2015,,11/10/23,,,read,,,,0,0
4708,The Beautiful and Damned,F. Scott Fitzgerald,"Fitzgerald, F. Scott","Kermit Vanderbilt, Monty",0743451503,9780743451505,0,3.73,Simon & Schuster,Mass Market Paperback,422,2002,1922,,11/10/23,to-read,to-read (#56),to-read,,,,0,0
46165,This Side of Paradise,F. Scott Fitzgerald,"Fitzgerald, F. Scott",,0684843781,9780684843780,4,3.63,Scribner,Paperback,275,1998,1920,,11/10/23,,,read,,,,1,0
46164,Tender Is the Night,F. Scott Fitzgerald,"Fitzgerald, F. Scott",Amor Towles,,,4,3.77,Scribner,Paperback,430,1995,1934,,11/10/23,,,read,,,,1,0
3116205,The Prodigal God: Recovering the Heart of the Christian Faith,Timothy J. Keller,"Keller, Timothy J.",,0525950796,9780525950790,3,4.43,Viking,Hardcover,139,2008,2008,,11/10/23,,,read,,,,0,0
12995,"The Hamlet (The Snopes Trilogy, #1)",William Faulkner,"Faulkner, William",,0679736530,9780679736530,4,3.86,Vintage International,Paperback,409,1991,1940,,11/10/23,,,read,,,,0,0
360882,Phaedrus,Plato,"Plato, Plato","Al Anderson, Alexander Nehamas, Paul Woodruff, William Sigalis",0872202208,9780872202207,0,3.96,"Hackett Publishing Company, Inc.",Paperback,144,1995,-370,,11/10/23,to-read,to-read (#55),to-read,,,,0,0
982310,Phaedo,Plato,"Plato, Plato","David Gallop, R.D. Archer-Hind",0192839535,9780192839534,4,4.07,Oxford University Press,Paperback,144,1993,-380,,11/10/23,,,read,,,,1,0
73945,Apology,Plato,"Plato, Plato",James J. Helm,0865163480,9780865163485,0,4.19,Bolchazy-Carducci Publishers,Paperback,127,1997,-399,,11/10/23,to-read,to-read (#54),to-read,,,,0,0
81779,The Symposium,Plato,"Plato, Plato",Christopher Gill,0140449272,9780140449273,0,4.09,Penguin Books,Paperback,90,2003,-380,,11/10/23,to-read,to-read (#53),to-read,,,,0,0
30289,The Republic,Plato,"Plato, Plato",Desmond Lee,0140449140,9780140449143,4,3.97,Penguin Classics,Paperback,416,2003,-400,,11/10/23,,,read,,,,0,0
14572,Peace Is Every Step: The Path of Mindfulness in Everyday Life,Thich Nhat Hanh,"Hanh, Thich Nhat","Dalai Lama XIV, Arnold Kotler",0553351397,9780553351392,5,4.3,Bantam,Paperback,134,1992,1992,,11/10/23,,,read,,,,0,0
33507,Twenty Thousand Leagues Under the Sea,Jules Verne,"Verne, Jules",Anthony Bonner,076072850X,9780760728505,3,3.89,Barnes & Noble,Hardcover,269,2002,1869,,11/10/23,,,read,,,,1,0
74586,I Sing the Body Electric! & Other Stories,Ray Bradbury,"Bradbury, Ray",Arne Herløv Petersen,0380789620,9780380789627,4,4.04,William Morrow Paperbacks,Paperback,336,1998,1969,,11/10/23,,,read,,,,1,0
16299,And Then There Were None,Agatha Christie,"Christie, Agatha",,0312330871,9780312330873,0,4.27,St. Martin's Griffin,Paperback,264,2004,1939,,11/10/23,to-read,to-read (#52),to-read,,,,0,0
131359,"Death on the Nile (Hercule Poirot, #18)",Agatha Christie,"Christie, Agatha",,,,0,4.12,Bantam Books,Paperback,352,1978,1937,,11/10/23,to-read,to-read (#51),to-read,,,,0,0
7875439,A Perfect Day for Bananafish,J.D. Salinger,"Salinger, J.D.",,,,0,4.26,,,18,,1948,,11/10/23,to-read,to-read (#50),to-read,,,,0,0
1858013,The Reason for God: Belief in an Age of Skepticism,Timothy J. Keller,"Keller, Timothy J.",,0525950494,9780525950493,4,4.23,Dutton,Hardcover,293,2008,2008,,11/10/23,,,read,,,,0,0
128029,A Thousand Splendid Suns,Khaled Hosseini,"Hosseini, Khaled",,1594489505,9781594489501,5,4.45,Riverhead Books,Hardcover,372,2007,2007,,11/10/23,,,read,,,,1,0
77203,The Kite Runner,Khaled Hosseini,"Hosseini, Khaled",,159463193X,9781594631931,4,4.36,Riverhead Books,Paperback,371,2004,2003,,11/10/23,,,read,,,,0,0
101509,Nectar in a Sieve,Kamala Markandaya,"Markandaya, Kamala",,0451528239,9780451528230,3,3.69,Signet,Mass Market Paperback,186,2002,1954,,11/10/23,,,read,,,,0,0
8158820,"Urban Mindfulness: Cultivating Peace, Presence, and Purpose in the Middle of It All",Jonathan S. Kaplan,"Kaplan, Jonathan S.",,1572247495,9781572247499,3,3.32,New Harbinger Publications,Paperback,200,2010,2010,,11/10/23,,,read,,,,0,0
24605,On Wine and Hashish (Hesperus Classics),Charles Baudelaire,"Baudelaire, Charles","Andrew       Brown, Margaret Drabble",1843910179,9781843910176,0,3.87,Hesperus Press,Paperback,88,2002,1851,,11/10/23,to-read,to-read (#49),to-read,,,,0,0
62659,Profit Over People: Neoliberalism and Global Order,Noam Chomsky,"Chomsky, Noam",Robert W. McChesney,1888363827,9781888363821,0,4.03,Seven Stories Press,Paperback,175,1999,1998,,11/10/23,to-read,to-read (#48),to-read,,,,0,0
28514478,Who Rules the World? (American Empire Project),Noam Chomsky,"Chomsky, Noam",,162779381X,9781627793810,0,4.05,Metropolitan Books/Henry Holt & Co. (NYC),Hardcover,320,2016,2014,,11/10/23,to-read,to-read (#47),to-read,,,,0,0
119561,The Order of Things: An Archaeology of the Human Sciences,Michel Foucault,"Foucault, Michel",,0679753354,9780679753353,0,4.12,Vintage,Paperback,416,1994,1966,,11/10/23,to-read,to-read (#46),to-read,,,,0,0
80369,Discipline and Punish: The Birth of the Prison,Michel Foucault,"Foucault, Michel",Alan Sheridan,0679752552,9780679752554,0,4.24,Vintage,Paperback,333,1995,1975,,11/10/23,to-read,to-read (#45),to-read,,,,0,0
94578,The Gay Science: With a Prelude in Rhymes and an Appendix of Songs,Friedrich Nietzsche,"Nietzsche, Friedrich",Walter Kaufmann,0394719859,9780394719856,0,4.26,Random House,Mass Market Paperback,396,1974,1882,,11/10/23,to-read,to-read (#44),to-read,,,,0,0
2823,The Birth of Tragedy,Friedrich Nietzsche,"Nietzsche, Friedrich","Shaun Whiteside, Michael Tanner",0140433392,9780140433395,0,3.98,Penguin Classics,Paperback,121,2003,1871,,11/10/23,to-read,to-read (#43),to-read,,,,0,0
80449,On the Genealogy of Morals,Friedrich Nietzsche,"Nietzsche, Friedrich",Douglas Smith,019283617X,9780192836175,4,4.12,Oxford University Press,Paperback,208,1999,1887,,11/10/23,,,read,,,,1,0
51893,Thus Spoke Zarathustra,Friedrich Nietzsche,"Nietzsche, Friedrich","Walter Kaufmann, Silvia Cecchini, Domenico Ciampoli",,,0,4.07,Penguin Books,Paperback,327,1978,1883,,11/10/23,to-read,to-read (#42),to-read,,,,0,0
12321,Beyond Good and Evil,Friedrich Nietzsche,"Nietzsche, Friedrich","Michael Tanner, R.J. Hollingdale",014044923X,9780140449235,0,4.03,Penguin Classics,Paperback,240,2003,1886,,11/10/23,to-read,to-read (#41),to-read,,,,0,0
17987667,The Concept of Anxiety: A Simple Psychologically Oriented Deliberation in View of the Dogmatic Problem of Hereditary Sin,Søren Kierkegaard,"Kierkegaard, Søren",Alastair Hannay,0871407191,9780871407191,0,3.95,Liveright,Hardcover,256,2014,1844,,11/10/23,to-read,to-read (#40),to-read,,,,0,0
46973,The Seducer’s Diary,Søren Kierkegaard,"Kierkegaard, Søren","Edna Hatlestad Hong, Howard Vincent Hong, V.A. Koskenniemi",0691017379,9780691017372,0,3.57,Princeton University Press,Paperback,232,1997,1843,,11/10/23,to-read,to-read (#39),to-read,,,,0,0
24970,Either/Or: A Fragment of Life,Søren Kierkegaard,"Kierkegaard, Søren","Alastair Hannay, Victor Eremita",,,0,4.16,Penguin Classics,Paperback,633,1992,1843,,11/10/23,to-read,to-read (#38),to-read,,,,0,0
24965,Fear and Trembling,Søren Kierkegaard,"Kierkegaard, Søren",Alastair Hannay,0143037579,9780143037576,4,4,Penguin Books,Paperback,152,2006,1843,,11/10/23,,,read,,,,1,0
92307,Being and Time,Martin Heidegger,"Heidegger, Martin",,0060638508,9780060638504,0,4.05,Harper & Row (NYC/Evanston),Hardcover,589,1962,1927,,11/10/23,to-read,to-read (#37),to-read,,,,0,0
61215384,"The Return of the King (The Lord of the Rings, #3)",J.R.R. Tolkien,"Tolkien, J.R.R.",,,,5,4.58,William Morrow,Kindle Edition,432,2022,1955,,11/10/23,,,read,,,,1,0
61215372,"The Two Towers (The Lord of the Rings, #2)",J.R.R. Tolkien,"Tolkien, J.R.R.",,,,5,4.5,William Morrow,Kindle Edition,448,2022,1954,,11/10/23,,,read,,,,1,0
61215351,"The Fellowship of the Ring (The Lord of the Rings, #1)",J.R.R. Tolkien,"Tolkien, J.R.R.",,,,5,4.4,William Morrow,Kindle Edition,432,2022,1954,,11/10/23,,,read,,,,1,0
479572,"Anarchy, State, and Utopia",Robert Nozick,"Nozick, Robert",,0465097200,9780465097203,4,3.75,Basic Books,Paperback,367,1974,1974,,11/10/23,,,read,,,,0,0
448836,Second Treatise of Government (Hackett Classics),John Locke,"Locke, John",C.B. MacPherson,0915144867,9780915144860,4,3.78,"Hackett Publishing Company (Indianapolis, IN)",Paperback,124,1980,1689,,11/10/23,,,read,,,,0,0
51624,Anarchism,Daniel Guérin,"Guérin, Daniel",Noam Chomsky,0853451753,9780853451754,0,3.86,Monthly Review Press,Paperback,166,1970,1965,,11/10/23,to-read,to-read (#36),to-read,,,,0,0
586995,The Loom of Language: An Approach to the Mastery of Many Languages,Frederick Bodmer,"Bodmer, Frederick",Lancelot Hogben,039330034X,9780393300345,0,4.17,W. W. Norton  Company,Paperback,720,1985,1943,,11/10/23,to-read,to-read (#35),to-read,,,,0,0
927779,Gaspard de la Nuit,Aloysius Bertrand,"Bertrand, Aloysius","T.E.D. Klein, Donald Sidney-Fryer",0974071129,9780974071121,4,3.77,Black Coat Press,Paperback,232,2004,1842,,11/10/23,,,read,,,,1,0
12618,Chomsky On Anarchism,Noam Chomsky,"Chomsky, Noam",Barry Pateman,1904859208,9781904859208,4,3.84,AK Press,Paperback,241,2005,2005,,11/10/23,,,read,,,,1,0
194805,Understanding Power: The Indispensable Chomsky,Noam Chomsky,"Chomsky, Noam","John Schoeffel, R. Mitchell",1565847032,9781565847033,5,4.41,The New Press,Paperback,416,2002,2002,,11/10/23,,,read,,,,1,0
12612,Hegemony or Survival: America's Quest for Global Dominance,Noam Chomsky,"Chomsky, Noam",,0805076883,9780805076882,4,3.98,Holt Paperbacks,Paperback,304,2004,2003,,11/10/23,,,read,,,,1,0
23129811,On Palestine,Noam Chomsky,"Chomsky, Noam","Ilan Pappé, Frank Barat",1608464709,9781608464708,0,4.27,Haymarket Books,Paperback,220,2015,2015,,11/10/23,to-read,to-read (#34),to-read,,,,0,0
59012057,Bad Gays: A Homosexual History,Huw Lemmey,"Lemmey, Huw",Ben Miller,1839763272,9781839763274,0,3.56,Verso,Hardcover,357,2022,2022,,11/10/23,to-read,to-read (#33),to-read,,,,0,0
38474,Another Country,James Baldwin,"Baldwin, James",,0141186372,9780141186375,4,4.3,PENGUIN,Paperback,448,2006,1962,,11/10/23,,,read,,,,0,0
1451718,Terrorist Assemblages: Homonationalism in Queer Times,Jasbir K. Puar,"Puar, Jasbir K.",,082234114X,9780822341147,4,4.14,Duke University Press Books,Paperback,335,2007,2007,,11/10/23,,,read,,,,0,0
51151807,Design Justice: Community-Led Practices to Build the Worlds We Need,Sasha Costanza-Chock,"Costanza-Chock, Sasha",,0262043459,9780262043458,5,4.17,The MIT Press,Paperback,360,2020,2020,,11/10/23,,,read,,,,0,0
80336,Distinction: A Social Critique of the Judgement of Taste,Pierre Bourdieu,"Bourdieu, Pierre",Richard Nice,0674212770,9780674212770,4,4.16,Harvard University Press,Paperback,613,1984,1979,,11/10/23,,,read,,,,1,0
212959,Culture and Power: The Sociology of Pierre Bourdieu,David L. Swartz,"Swartz, David L.",,0226785955,9780226785950,4,4.08,University of Chicago Press,Paperback,342,1998,1998,,11/10/23,,,read,,,,1,0
58153929,Machine Habitus: Toward a Sociology of Algorithms,Massimo Airoldi,"Airoldi, Massimo",,1509543287,9781509543281,5,4.16,Polity,Paperback,200,2022,,,11/10/23,,,read,,,,0,0
51777543,Data Feminism,Catherine D’Ignazio,"D’Ignazio, Catherine",Lauren F. Klein,0262044005,9780262044004,5,4.3,MIT Press,Hardcover,328,2020,2020,,11/10/23,,,read,,,,0,0
24874363,"The Fall of Icarus (Penguin Little Black Classics, #73)",Ovid,"Ovid, Ovid",Mary M. Innes,0141398671,9780141398679,3,3.4,Penguin Classics,Paperback,56,2015,8,,11/10/23,,,read,,,,1,0
100142,The Art of Love,Ovid,"Ovid, Ovid","James Michie, David Malouf",0375761179,9780375761171,4,3.71,Modern Library,Paperback,199,2002,1,,11/10/23,,,read,,,,1,0
206172,The Pit and the Pendulum,Edgar Allan Poe,"Poe, Edgar Allan",,0146000110,9780146000119,0,4.14,Penguin Books,Paperback,64,1995,1842,,11/10/23,to-read,to-read (#32),to-read,,,,0,0
264158,The Raven,Edgar Allan Poe,"Poe, Edgar Allan",Gustave Doré,0486290727,9780486290720,5,4.29,Dover Publications,Paperback,64,1996,1845,,11/10/23,,,read,,,,1,0
23919,The Complete Stories and Poems,Edgar Allan Poe,"Poe, Edgar Allan",,0385074077,9780385074070,5,4.4,"Doubleday & Company, Inc.",Hardcover,821,1984,1849,,11/10/23,,,read,,,,1,0
203221,Poems,Charles Baudelaire,"Baudelaire, Charles",Richard Howard,0679429107,9780679429104,5,4.24,Everyman's Library,Hardcover,256,1993,1860,,11/10/23,,,read,,,,1,0
24601,Paris Spleen,Charles Baudelaire,"Baudelaire, Charles",Louise Varèse,0811200078,9780811200073,0,4.23,New Directions,Paperback,118,1970,1857,,11/10/23,to-read,to-read (#31),to-read,,,,0,0
1520801,Les Paradis artificiels,Charles Baudelaire,"Baudelaire, Charles",,2070369641,9782070369645,3,3.77,FOLIO,Unknown Binding,256,1977,1860,,11/10/23,,,read,,,,1,0
212998,Odes and Epodes,Horatius,"Horatius, Horatius",Niall Rudd,0674996097,9780674996090,4,4,Harvard University Press,Hardcover,368,2004,-13,,11/10/23,,,read,,,,0,0
19164,"The Divine Comedy of Dante Alighieri, Volume 2: Purgatorio",Dante Alighieri,"Alighieri, Dante","Robert M. Durling, Ronald L. Martinez",0195087453,9780195087451,4,4.05,Oxford University Press,Paperback,704,2004,1321,,11/10/23,,,read,,,,1,0
32812,"Paradise (The Divine Comedy, #3)",Dante Alighieri,"Alighieri, Dante","Dorothy L. Sayers, Barbara Reynolds, Gustave Doré, 朱维",0140441050,9780140441055,3,3.96,Penguin Classics,Paperback,400,1962,1321,,11/10/23,,,read,,,,1,0
2262521,The Rape of the Lock (Wildside Classic),Alexander Pope,"Pope, Alexander",,1557429162,9781557429162,0,3.54,Wildside Press,Paperback,54,2007,1717,,11/10/23,to-read,to-read (#30),to-read,,,,0,0
250278,An Essay On Criticism,Alexander Pope,"Pope, Alexander",,1419106406,9781419106408,3,3.78,Kessinger Publishing,Paperback,48,2004,1711,,11/10/23,,,read,,,,1,0
173284,An Essay on Man,Alexander Pope,"Pope, Alexander",Frank Brady,0023134607,9780023134609,4,3.7,Pearson College Div,Paperback,80,1965,1734,,11/10/23,,,read,,,,1,0
138144,Paradise Regained,John Milton,"Milton, John",,1603120270,9781603120272,0,3.69,Aegypan,Paperback,108,2007,1671,,11/10/23,to-read,to-read (#29),to-read,,,,0,0
16802,The Complete Poetry,John Milton,"Milton, John",John T. Shawcross,0385023510,9780385023511,3,4.06,Knopf Doubleday Publishing Group,Paperback,672,1971,1645,,11/10/23,,,read,,,,1,0
112110,Lyrical Ballads,William Wordsworth,"Wordsworth, William","Samuel Taylor Coleridge, Michael         Schmidt",0140424628,9780140424621,4,3.95,Penguin Classics,Paperback,118,2006,1798,,11/10/23,,,read,,,,1,0
865350,The Prelude,William Wordsworth,"Wordsworth, William","M.H. Abrams, Stephen Gill, Jonathan Wordsworth",039309071X,9780393090710,4,3.88,W. W. Norton & Company,Paperback,704,1979,1850,,11/10/23,,,read,,,,1,0
119239,Selected Poems,Lord Byron,"Byron, Lord","Susan J. Wolfson, Peter J. Manning",0140424504,9780140424508,4,4.06,Penguin Classics,Paperback,864,2006,1848,,11/10/23,,,read,,,,1,0
18373,Flowers for Algernon,Daniel Keyes,"Keyes, Daniel",,015603008X,9780156030083,5,4.24,Harvest Books,Paperback,311,2004,1966,,11/10/23,,,read,,,,0,0
110871,Thérèse Raquin,Émile Zola,"Zola, Émile","Ernest Alfred Vizetelly, Robin Buss",0140449442,9780140449440,0,3.73,Penguin Books,Paperback,201,2004,1867,,11/10/23,to-read,to-read (#28),to-read,,,,0,0
2070899,Pantagruel,François Rabelais,"Rabelais, François",Michelet,2070363872,9782070363872,3,3.56,Folio,Mass Market Paperback,439,1973,1532,,11/10/23,,,read,,,,1,0
2183,Sentimental Education,Gustave Flaubert,"Flaubert, Gustave","Geoffrey Wall, Robert Baldick",0140447970,9780140447972,4,3.81,Alliance Entertainment,Paperback,460,2004,1869,,11/10/23,,,read,,,,1,0
780581,Bel-Ami,Guy de Maupassant,"Maupassant, Guy de",Douglas Parmée,0140443150,9780140443158,0,3.86,Penguin Classics,Paperback,416,1975,1885,,11/10/23,to-read,to-read (#27),to-read,,,,0,0
298275,Nausea,Jean-Paul Sartre,"Sartre, Jean-Paul","Lloyd Alexander, Hayden Carruth",0811201880,9780811201889,4,3.93,New Directions,Hardcover,178,1969,1938,,11/10/23,,,read,,,,1,0
1524,"Agamemnon (Oresteia, #1)",Aeschylus,"Aeschylus, Aeschylus","Philip de May, P.E. Easterling",0521010756,9780521010757,0,3.84,Cambridge University Press,Paperback,144,2003,-472,,11/10/23,to-read,to-read (#26),to-read,,,,0,0
13270,Poetics,Aristotle,"Aristotle, Aristotle",Malcolm Heath,0140446362,9780140446364,3,3.83,Penguin Classics,Paperback,144,1996,-335,,11/10/23,,,read,,,,1,0
380609,The Bacchae,Euripides,"Euripides, Euripides","Kenneth McLeish, Frederic Raphael",1854594117,9781854594112,4,3.94,Nick Hern Books,Paperback,96,1999,-405,,11/10/23,,,read,,,,1,0
194746,No Longer Human,Osamu Dazai,"Dazai, Osamu",Donald Keene,,,0,3.94,New Directions,Paperback,176,1958,1948,,11/10/23,to-read,to-read (#25),to-read,,,,0,0
1715,Metamorphoses,Ovid,"Ovid, Ovid","David Raeburn, Denis Feeney",014044789X,9780140447897,0,4.1,Penguin,Paperback,723,2004,8,,11/10/23,to-read,to-read (#24),to-read,,,,0,0
17676276,On Anger,Seneca,"Seneca, Seneca",,,,5,4.19,,Kindle Edition,,,41,,11/10/23,,,read,,,,1,0
7745,Fear and Loathing in Las Vegas: A Savage Journey to the Heart of the American Dream,Hunter S. Thompson,"Thompson, Hunter S.",Ralph Steadman,0679785892,9780679785897,4,4.06,Vintage Books,Paperback,204,1998,1971,,2/3/23,,,read,,,,1,0
4934,The Brothers Karamazov,Fyodor Dostoevsky,"Dostoevsky, Fyodor","Richard Pevear, Larissa Volokhonsky",0374528373,9780374528379,5,4.39,"Farrar, Straus and Giroux",Paperback,796,2002,1880,,2/3/23,,,read,,,,0,0
1885,Pride and Prejudice,Jane Austen,"Austen, Jane",Anna Quindlen,1441341706,9781441341709,4,4.29,Modern Library,Paperback,279,2023,1813,,2/3/23,,,read,,,,0,0
30016,"The Naked Sun (Robot, #2)",Isaac Asimov,"Asimov, Isaac",Chris     Moore,,,4,4.19,HarperCollins Publishers,Mass Market Paperback,204,1993,1958,,2/3/23,,,read,,,,0,0
11275,The Wind-Up Bird Chronicle,Haruki Murakami,"Murakami, Haruki",Jay Rubin,0965341984,9780965341981,5,4.14,Knopf,Paperback,607,1997,1994,,11/10/23,,,read,,,,1,0
38501,Ham on Rye,Charles Bukowski,"Bukowski, Charles",,006117758X,9780061177583,4,4.14,Ecco,Paperback,288,2007,1982,,11/10/23,,,read,,,,1,0
23534,Love Is a Dog from Hell,Charles Bukowski,"Bukowski, Charles",,0876853629,9780876853627,4,3.95,Ecco (An Imprint of HarperCollinsPublishers),Paperback,312,2003,1977,,11/10/23,,,read,,,,1,0
497199,Factotum,Charles Bukowski,"Bukowski, Charles",,0876852630,9780876852637,4,3.92,Ecco,Paperback,205,2002,1975,,11/10/23,,,read,,,,1,0
38500,Women,Charles Bukowski,"Bukowski, Charles",,0061177598,9780061177590,4,3.8,Ecco,Paperback,291,2007,1978,,11/10/23,,,read,,,,1,0
220061,Rose,Li-Young Lee,"Lee, Li-Young",Gerald Stern,0918526531,9780918526533,5,4.31,BOA Editions Ltd.,Paperback,71,1993,1986,,11/10/23,,,read,,,,0,0
30593,Pnin,Vladimir Nabokov,"Nabokov, Vladimir",David Lodge,1400041988,9781400041985,4,3.88,Everyman's Library,Hardcover,184,2004,1957,,11/10/23,,,read,,,,1,0
9998,The Woman in the Dunes,Kōbō Abe,"Abe, Kōbō","Machi Abe, E. Dale Saunders",0679733787,9780679733782,4,3.88,Vintage,Paperback,241,1991,1962,,11/10/23,,,read,,,,0,0
112204,The Complete Poems of Emily Dickinson,Emily Dickinson,"Dickinson, Emily","Thomas H. Johnson, Mabel Loomis Todd, Thomas Wentworth Higgins",,,4,4.28,"Little, Brown and Company",Paperback,716,1976,1890,,11/10/23,,,read,,,,0,0
62793,"Spring Snow (The Sea of Fertility, #1)",Yukio Mishima,"Mishima, Yukio",Michael       Gallagher,,,0,4.16,Vintage,Paperback,389,2000,1967,,11/10/23,to-read,to-read (#23),to-read,,,,0,0
762476,Kokoro,Natsume Sōseki,"Sōseki, Natsume",Edwin McClellan,0809260956,9780895267153,0,4.04,Gateway Editions,Paperback,256,1996,1914,,11/10/23,to-read,to-read (#22),to-read,,,,0,0
31196,The Razor’s Edge,W. Somerset Maugham,"Maugham, W. Somerset",,1400034205,9781400034208,4,4.2,Vintage International,Paperback,314,2003,1944,,11/10/23,,,read,,,,0,0
412732,The Dharma Bums,Jack Kerouac,"Kerouac, Jack",,,,4,3.93,Penguin Books,Paperback,244,1986,1958,,11/10/23,,,read,,,,0,0
128453,Complete Works,Arthur Rimbaud,"Rimbaud, Arthur",Paul Schmidt,0060955503,9780060955502,5,4.4,HarpPerenM,Paperback,384,2000,1870,,11/10/23,,,read,,,,1,0
87635,Confessions of an English Opium Eater,Thomas de Quincey,"Quincey, Thomas de",Barry Milligan,,,0,3.29,Penguin Classics,Paperback,352,2003,1821,,11/10/23,to-read,to-read (#21),to-read,,,,0,0
18674890,The Sea-Gull,Anton Chekhov,"Chekhov, Anton",,,,0,3.91,,Kindle Edition,58,2012,1895,,11/10/23,to-read,to-read (#20),to-read,,,,0,0
20509176,"The Satires, Epistles, and Art of Poetry",Horatius,"Horatius, Horatius",John Conington,,,0,4.1,,Kindle Edition,171,2012,-10,,11/10/23,to-read,to-read (#19),to-read,,,,0,0
770754,La peste,Albert Camus,"Camus, Albert",,,,0,4.02,Folio,Mass Market Paperback,279,1972,1947,,11/10/23,to-read,to-read (#18),to-read,,,,0,0
97411,Letters from a Stoic,Seneca,"Seneca, Seneca",,0140442103,9780140442106,5,4.33,Penguin Books,Paperback,254,2004,64,,11/10/23,,,read,,,,1,0
974936,Six Exemplary Novels,Miguel de Cervantes Saavedra,"Saavedra, Miguel de Cervantes",,0812001591,9780812001594,0,4.08,B E S Pub Co,Paperback,,1960,,,11/10/23,to-read,to-read (#17),to-read,,,,0,0
13160941,Dekameron,Giovanni Boccaccio,"Boccaccio, Giovanni",Radovan Krátký,,,0,3.88,SNKLHU,Hardcover,823,1959,1349,,11/10/23,to-read,to-read (#16),to-read,,,,0,0
46199,Letters to a Young Poet,Rainer Maria Rilke,"Rilke, Rainer Maria","Franz Xaver Kappus, Reginald Snell",0486422453,9780486422459,5,4.28,Dover Publications,Paperback,80,2002,1929,,11/10/23,,,read,,,,1,0
847387,Introduction to Positive Philosophy,Auguste Comte,"Comte, Auguste",Frederick Ferré,0872200507,9780872200500,0,3.22,"Hackett Publishing Company, Inc.",Paperback,86,1988,1842,,11/10/23,to-read,to-read (#15),to-read,,,,0,0
14662,The Red and the Black,Stendhal,"Stendhal, Stendhal",Roger Gard,0140447644,9780140447644,0,3.86,Penguin Classics,Paperback,577,2002,1830,,11/10/23,to-read,to-read (#14),to-read,,,,0,0
2175,Madame Bovary,Gustave Flaubert,"Flaubert, Gustave","Mark Overstall, Malcolm Bowie, Margaret Mauldon",0192840398,9780192840394,4,3.71,Oxford University Press,Paperback,329,2004,1856,,11/10/23,,,read,,,,1,0
59142,Eugénie Grandet,Honoré de Balzac,"Balzac, Honoré de","Christopher Prendergast, Sylvia Raphael",019280474X,9780192804747,0,3.79,Oxford University Press,Paperback,240,2003,1833,,11/10/23,to-read,to-read (#13),to-read,,,,0,0
59145,Père Goriot,Honoré de Balzac,"Balzac, Honoré de","Burton Raffel, Peter Brooks",039397166X,9780393971668,0,3.85,W. W. Norton & Company,Paperback,384,1997,1835,,11/10/23,to-read,to-read (#12),to-read,,,,0,0
25932,Lost Illusions,Honoré de Balzac,"Balzac, Honoré de","George Saintsbury, Ellen Marriage",1406506583,9781406506587,0,4.16,Dodo Pr,Paperback,656,2006,1843,,11/10/23,to-read,to-read (#11),to-read,,,,0,0
420275,The Necklace,Guy de Maupassant,"Maupassant, Guy de",Gary Kelley,1568461933,9781568461939,4,3.84,Creative Editions,Hardcover,48,2004,1884,,11/10/23,,,read,,,,1,0
26530372,The Necklace and Other Stories: Maupassant for Modern Times,Guy de Maupassant,"Maupassant, Guy de",Sandra  Smith,163149189X,9781631491894,4,3.94,Liveright,Paperback,336,2016,1884,,11/10/23,,,read,,,,1,0
53003,Our Lady of the Flowers,Jean Genet,"Genet, Jean","Jean-Paul Sartre, Bernard Frechtman",1596541369,9781596541368,5,4.01,Olympiapress.com,Paperback,216,2004,1943,,11/10/23,,,read,,,,1,0
16234584,The Drowned World,J.G. Ballard,"Ballard, J.G.",Martin Amis,0871403625,9780871403629,3,3.47,Liveright,Paperback,198,2013,1962,,2/3/23,,,read,,,,0,0
70255,The Crystal World,J.G. Ballard,"Ballard, J.G.",,0374520968,9780374520960,3,3.6,"Farrar, Straus and Giroux",Paperback,210,1988,1966,,11/10/23,,,read,,,,1,0
581125,The Minority Report,Philip K. Dick,"Dick, Philip K.",,0375421874,9780375421877,4,3.85,Pantheon,Hardcover,112,2002,1956,,11/10/23,,,read,,,,1,0
216363,The Man in the High Castle,Philip K. Dick,"Dick, Philip K.",,0679740678,9780679740674,5,3.59,Vintage,Paperback,259,1992,1962,,11/10/23,,,read,,,,1,0
36402034,Do Androids Dream of Electric Sheep?,Philip K. Dick,"Dick, Philip K.",,,,5,4.09,Ballantine Books,ebook,258,2008,1968,,11/10/23,,,read,,,,1,0
162151,Power,Michel Foucault,"Foucault, Michel","Robert Hurley, James D. Faubion",1565847091,9781565847095,5,4.28,The New Press,Paperback,528,2001,2000,,11/10/23,,,read,,,,1,0
1876,"The History of Sexuality, Volume 3: The Care of the Self",Michel Foucault,"Foucault, Michel",Robert Hurley,0394741552,9780394741550,0,4.02,Vintage,Paperback,288,1988,1984,,11/10/23,next-to-read,next-to-read (#2),read,,,,0,0
1875,"The History of Sexuality, Volume 1: An Introduction",Michel Foucault,"Foucault, Michel",Robert Hurley,0679724699,9780679724698,4,4.02,Vintage,Paperback,176,1990,1976,,11/10/23,,,read,,,,1,0
91950,The Myth of Sisyphus,Albert Camus,"Camus, Albert",Justin O'Brien,0141182008,9780141182001,5,4.17,Penguin Classics,Paperback,192,2013,1942,,11/10/23,,,read,,,,1,0
13214,"I Know Why the Caged Bird Sings (Maya Angelou's Autobiography, #1)",Maya Angelou,"Angelou, Maya",,0553279378,9780553279375,5,4.3,Bantam Books,Paperback,289,1993,1969,,2/3/23,,,read,,,,1,0
168642,In Cold Blood,Truman Capote,"Capote, Truman",,0679745580,9780679745587,0,4.09,Vintage,Paperback,343,1994,1966,,2/3/23,to-read,to-read (#10),to-read,,,,0,0
77013,As I Lay Dying,William Faulkner,"Faulkner, William",,,,0,3.72,Vintage,Paperback,288,1991,1930,,2/3/23,to-read,to-read (#9),to-read,,,,0,0
37781,"Things Fall Apart (The African Trilogy, #1)",Chinua Achebe,"Achebe, Chinua",,,,4,3.74,Anchor Books,Paperback,215,1994,1958,,2/3/23,,,read,,,,1,0
12898,Death of a Salesman,Arthur Miller,"Miller, Arthur",,0435233076,9780435233075,0,3.59,Heinemann ed,Hardcover,144,1994,1949,,2/3/23,to-read,to-read (#8),to-read,,,,0,0
47021,The Taming of the Shrew,William Shakespeare,"Shakespeare, William","Barbara A. Mowat, Paul Werstine",074347757X,9780743477574,5,3.74,Simon  Schuster,Mass Market Paperback,291,2004,1593,,2/3/23,,,read,,,,1,0
24128,The Merchant of Venice,William Shakespeare,"Shakespeare, William","Barbara A. Mowat, Paul Werstine, David Scott Kastan, Felix Emmanuel Schelling, محمد عناني, David Bevington, Robert          Jackson",0743477561,9780743477567,0,3.77,Simon & Schuster,Mass Market Paperback,249,2011,1596,,2/3/23,to-read,to-read (#7),to-read,,,,0,0
338798,Ulysses,James Joyce,"Joyce, James","Morris L. Ernst, John M. Woolsey",,,0,3.76,Vintage,Paperback,783,1990,1922,,2/3/23,to-read,to-read (#6),to-read,,,,0,0
70401,On the Road,Jack Kerouac,"Kerouac, Jack",,0140042598,9780140042597,3,3.61,Penguin Books,Paperback,307,1976,1957,,2/3/23,,,read,,,,1,0
19063,The Book Thief,Markus Zusak,"Zusak, Markus",,,,5,4.39,Alfred A. Knopf,Kindle Edition,592,2006,2005,,2/3/23,,,read,,,,1,0
1617,Night,Elie Wiesel,"Wiesel, Elie","Marion Wiesel, François Mauriac",0374500010,9780374500016,5,4.38,Hill & Wang,Paperback,120,2006,1956,,2/3/23,,,read,,,,1,0
3087,A Room with a View,E.M. Forster,"Forster, E.M.",,1420925431,9781420925432,0,3.89,Digireads.Com,Paperback,119,2005,1908,,2/3/23,to-read,to-read (#5),to-read,,,,0,0
117833,The Master and Margarita,Mikhail Bulgakov,"Bulgakov, Mikhail","Diana Lewis Burgin, Katherine Tiernan O'Connor, Ellendea Proffer, Hans Fronius, Михаил Афанасьевич Булгаков",0679760806,9780679760801,0,4.28,Vintage International,Paperback,372,1996,1967,,2/3/23,to-read,to-read (#4),to-read,,,,0,0
15645,Inferno,Dante Alighieri,"Alighieri, Dante",Anthony Esolen,0812970063,9780812970067,4,4.03,Modern Library,Kindle Edition,490,2022,1321,,2/3/23,,,read,,,,1,0
19380,Candide,Voltaire,"Voltaire, Voltaire","Rockwell Kent, Walter Jerrold, Don Hagen, Sara Gioacchino Corcos",0486266893,9780486266893,4,3.76,"Dover Publications, Incorporated",Paperback,129,1991,1759,,2/3/23,,,read,,,,1,0
17250,The Crucible,Arthur Miller,"Miller, Arthur",Christopher W.E. Bigsby,0142437336,9780142437339,3,3.61,Penguin Books,Paperback,143,2003,1953,,2/3/23,,,read,,,,1,0
41817486,A Clockwork Orange,Anthony Burgess,"Burgess, Anthony",,0393341763,9780393341768,4,4,W. W. Norton & Company,Paperback,240,2019,1962,,2/3/23,,,read,,,,1,0
168668,Catch-22,Joseph Heller,"Heller, Joseph",,0684833395,9780684833392,4,3.99,Simon & Schuster ,Paperback,453,2004,1961,,2/3/23,,,read,,,,1,0
49552,The Stranger,Albert Camus,"Camus, Albert",Matthew  Ward,,,4,4.03,Vintage International,Paperback,123,1989,1942,,2/3/23,,,read,,,,0,0
7604,Lolita,Vladimir Nabokov,"Nabokov, Vladimir",Craig Raine,,,4,3.87,Penguin,Paperback,368,1995,1955,,2/3/23,,,read,,,,1,0
23942,Queer,William S. Burroughs,"Burroughs, William S.",,0330300164,9780330300162,4,3.49,Picador,Paperback,160,1987,1985,,2/3/23,,,read,,,,1,0
7437,Naked Lunch: The Restored Text,William S. Burroughs,"Burroughs, William S.","James Grauerholz, Barry Miles",0802140181,9780802140180,4,3.46,Grove Press,Paperback,289,2004,1959,,2/3/23,,,read,,,,1,0
5907,"The Hobbit, or There and Back Again",J.R.R. Tolkien,"Tolkien, J.R.R.","Douglas A. Anderson, Michael Hague, Jemima Catlin",,,5,4.3,Houghton Mifflin,Paperback,366,2002,1937,,2/3/23,,,read,,,,1,0
13079982,Fahrenheit 451,Ray Bradbury,"Bradbury, Ray",,,,4,3.97,Simon & Schuster,Kindle Edition,194,2011,1953,,2/3/23,,,read,,,,1,0
1622,A Midsummer Night’s Dream,William Shakespeare,"Shakespeare, William","Barbara A. Mowat, Paul Werstine, Alan Durband, Roma Gill, Catherine Belsey, A.R. Braunmuller",0743477545,9780743477543,0,3.94,Simon & Schuster,Mass Market Paperback,298,2016,1595,,2/3/23,to-read,to-read (#3),to-read,,,,0,0
12957,Much Ado About Nothing,William Shakespeare,"Shakespeare, William","Paul Werstine, Gail Kern Paster, Henry Irving, Barbara A. Mowat, Henry Norman Hudson, Frederick S. Boas, F.H. Mares, Robert          Jackson",,,0,4.06,Simon Schuster,Paperback,249,2004,1598,,2/3/23,to-read,to-read (#2),to-read,,,,0,0
12985,The Tempest,William Shakespeare,"Shakespeare, William","Paul Werstine, David Lindley, Israel Gollancz, Barbara A. Mowat, Arthur Wilson Verity, Georg Brandes, G.B. Harrison, William James Rolfe",,,0,3.78,Washington Square Press,Mass Market Paperback,218,2004,1611,,2/3/23,to-read,to-read (#1),to-read,,,,0,0
13006,Julius Caesar,William Shakespeare,"Shakespeare, William","Harold Bloom, Roma Gill, William Allan Neilson",0198320272,9780198320272,4,3.71,Oxford University Press,Paperback,175,2002,1599,,2/3/23,,,read,,,,1,0
12996,Othello,William Shakespeare,"Shakespeare, William","Barbara A. Mowat, Paul Werstine",,,4,3.89,Simon & Schuster,Mass Market Paperback,319,2003,1603,,2/3/23,,,read,,,,1,0
18135,Romeo and Juliet,William Shakespeare,"Shakespeare, William",,0743477111,9780743477116,3,3.74,Washington Square Press,Mass Market Paperback,281,2002,1590,,2/3/23,,,read,,,,1,0
4406,East of Eden,John Steinbeck,"Steinbeck, John",,0142000655,9780142000656,5,4.44,Penguin Books,Paperback,601,2002,1952,,2/3/23,,,read,,,,1,0
18114322,The Grapes of Wrath,John Steinbeck,"Steinbeck, John",,067001690X,9780670016907,4,4.03,Viking,Hardcover,496,2014,1939,,2/3/23,,,read,,,,1,0
890,Of Mice and Men,John Steinbeck,"Steinbeck, John",,0142000671,9780142000670,4,3.89,Penguin Books,Paperback,107,2002,1937,,2/3/23,,,read,,,,1,0
5107,The Catcher in the Rye,J.D. Salinger,"Salinger, J.D.",,0316769177,9780316769174,4,3.8,Back Bay Books,Paperback,277,2001,1951,,2/3/23,,,read,,,,1,0
6185,Wuthering Heights,Emily Brontë,"Brontë, Emily","Richard J. Dunn, Charlotte Brontë, John Bugg, Robert Heindel",,,4,3.9,Norton,Paperback,464,2002,1847,,2/3/23,,,read,,,,1,0
10210,Jane Eyre,Charlotte Brontë,"Brontë, Charlotte",Michael Mason,0142437204,9780142437209,5,4.16,Penguin,Paperback,532,2003,1847,,2/3/23,,,read,,,,1,0
4671,The Great Gatsby,F. Scott Fitzgerald,"Fitzgerald, F. Scott",,0743273567,9780743273565,4,3.93,Scribner,Paperback,180,1925,1925,,2/3/23,,,read,,,,1,0
12296,The Scarlet Letter,Nathaniel Hawthorne,"Hawthorne, Nathaniel","Nina Baym, Thomas E. Connolly",0142437263,9780142437261,3,3.44,Penguin Books,Paperback,279,2002,1850,,2/3/23,,,read,,,,1,0
101157,Sexual Personae: Art and Decadence from Nefertiti to Emily Dickinson (Yale Nota Bene),Camille Paglia,"Paglia, Camille",,0300091273,9780300091274,3,3.99,Yale University Press,Paperback,736,2001,1990,,2/3/23,,,read,,,,1,0
67522,The Collected Poems of Emily Dickinson,Emily Dickinson,"Dickinson, Emily",Rachel Wetzsteon,1593080506,9781593080501,5,4.23,Sterling Publishing,Paperback,400,2003,1924,,2/3/23,,,read,,,,1,0
7624,Lord of the Flies,William Golding,"Golding, William",,0140283331,9780140283334,3,3.7,Penguin Books ,Paperback,182,1999,1954,,2/3/23,,,read,,,,1,0
11297,Norwegian Wood,Haruki Murakami,"Murakami, Haruki",Jay Rubin,,,4,3.99,Vintage Books,Paperback,296,2000,1987,,2/3/23,,,read,,,,1,0
72159,Cat on a Hot Tin Roof,Tennessee Williams,"Williams, Tennessee",,0811216012,9780811216012,4,4.06,New Directions,Paperback,208,2004,1955,,2/3/23,,,read,,,,1,0
12220,A Streetcar Named Desire,Tennessee Williams,"Williams, Tennessee",,0822210894,9780822210894,4,3.98,Dramatist's Play Service,Paperback,107,1998,1947,,2/3/23,,,read,,,,1,0
45287,Poetry and Prose,Walt Whitman,"Whitman, Walt",Justin Kaplan,1883011353,9781883011352,4,4.3,Library of America,Paperback,1407,1996,1982,,2/3/23,,,read,,,,1,0
293918,Song of Myself,Walt Whitman,"Whitman, Walt",,142092706X,9781420927061,5,4.16,Digireads.com,Paperback,80,2006,1856,,2/3/23,,,read,,,,1,0
5932,Twenty Love Poems and a Song of Despair,Pablo Neruda,"Neruda, Pablo","W.S. Merwin, Cristina García",0143039962,9780143039969,5,4.19,Penguin Classics,Paperback,60,2006,1924,,2/3/23,,,read,,,,1,0
128461,A Season in Hell and The Drunken Boat,Arthur Rimbaud,"Rimbaud, Arthur",Louise Varèse,0811201856,9780811201858,5,4.32,New Directions,Mass Market Paperback,103,1961,1872,,2/3/23,,,read,,,,1,0
46201,The Selected Poetry of Rainer Maria Rilke,Rainer Maria Rilke,"Rilke, Rainer Maria","Stephen Mitchell, Robert Hass",0679722017,9780679722014,5,4.36,Vintage,Paperback,356,1989,1926,,2/3/23,,,read,,,,1,0
93405,The Notebooks of Malte Laurids Brigge,Rainer Maria Rilke,"Rilke, Rainer Maria",Mary Dows Herter Norton,0393308812,9780393308815,4,3.93,W. W. Norton  Company,Paperback,237,1992,1910,,2/3/23,,,read,,,,1,0
49455,Notes from Underground,Fyodor Dostoevsky,"Dostoevsky, Fyodor","Richard Pevear, Larissa Volokhonsky, Donald Fanger",067973452X,9780679734529,5,4.17,Vintage Classics,Paperback,136,1994,1864,,2/3/23,,,read,,,,1,0
12505,The Idiot,Fyodor Dostoevsky,"Dostoevsky, Fyodor","Anna Brailovsky, Joseph Frank, Constance Garnett",0679642420,9780679642428,5,4.21,Modern Library,Paperback,667,2003,1869,,2/3/23,,,read,,,,1,0
4900,Heart of Darkness,Joseph Conrad,"Conrad, Joseph",,1892295490,9781892295491,4,3.43,Green Integer,Paperback,188,2003,1899,,2/3/23,,,read,,,,1,0
46114,The Waves,Virginia Woolf,"Woolf, Virginia",,0156949601,9780156949606,5,4.14,Harvest Books,Paperback,297,1978,1931,,2/3/23,,,read,,,,1,0
10979,Light in August,William Faulkner,"Faulkner, William","Joseph Blotner, Noel Polk",0679732268,9780679732266,4,3.94,Vintage,Paperback,507,1990,1932,,2/3/23,,,read,,,,1,0
42408988,The Prophet (Illustrated): Masterpiece of The Great Philosopher Khalil Gibran (The prophet by Khalil Gibran),Kahlil Gibran,"Gibran, Kahlil",Harry Shepherd,1549641573,9781549641572,5,4.23,Independently published,Paperback,83,1923,1923,,2/3/23,,,read,,,,1,0
35031085,Frankenstein: The 1818 Text,Mary Wollstonecraft Shelley,"Shelley, Mary Wollstonecraft",Charlotte  Gordon,0143131842,9780143131847,5,3.9,Penguin Classics,Paperback,260,2018,1818,,2/3/23,,,read,,,,1,0
333538,The Castle,Franz Kafka,"Kafka, Franz",Mark Harman,0805211063,9780805211061,5,3.92,Schocken,Paperback,328,1998,1926,,2/3/23,,,read,,,,1,0
44796,The Moon and Sixpence,W. Somerset Maugham,"Maugham, W. Somerset",,1598185217,9781598185218,5,4.12,Alan Rodgers Books,Paperback,187,2005,1919,,2/3/23,,,read,,,,1,0
3677,Where Angels Fear to Tread,E.M. Forster,"Forster, E.M.",,1419193775,9781419193774,4,3.59,Kessinger Publishing,Paperback,148,2004,1905,,2/3/23,,,read,,,,1,0